0 verbose cli /Users/raffimedz/.nvm/versions/node/v22.19.0/bin/node /Users/raffimedz/.nvm/versions/node/v22.19.0/bin/npm
1 info using npm@11.11.1
2 info using node@v22.19.0
3 silly config load:file:/Users/raffimedz/.nvm/versions/node/v22.19.0/lib/node_modules/npm/npmrc
4 silly config load:file:/Users/raffimedz/Desktop/Raffi/afterschool/hemsidor/ALNAHRAYN_Fisk_Iraqi_Fire_Edition/.npmrc
5 silly config load:file:/Users/raffimedz/.npmrc
6 silly config load:file:/Users/raffimedz/.nvm/versions/node/v22.19.0/etc/npmrc
7 verbose title npm install
8 verbose argv "install"
9 verbose logfile logs-max:10 dir:/Users/raffimedz/Desktop/Raffi/afterschool/hemsidor/ALNAHRAYN_Fisk_Iraqi_Fire_Edition/frontend/.sites-runtime/npm-cache/_logs/2026-08-29T10_28_16_048Z-
10 verbose logfile /Users/raffimedz/Desktop/Raffi/afterschool/hemsidor/ALNAHRAYN_Fisk_Iraqi_Fire_Edition/frontend/.sites-runtime/npm-cache/_logs/2026-08-29T10_28_16_048Z-debug-0.log
11 silly logfile done cleaning log files
12 silly packumentCache heap:4345298944 maxSize:1086324736 maxEntrySize:543162368
13 silly idealTree buildDeps
14 verbose shrinkwrap failed to load node_modules/.package-lock.json missing from lockfile: node_modules/acorn-loose
15 silly reify mark retired [
15 silly reify   '/Users/raffimedz/Desktop/Raffi/afterschool/hemsidor/ALNAHRAYN_Fisk_Iraqi_Fire_Edition/node_modules/acorn-import-phases'
15 silly reify ]
16 silly reify mark retired [
16 silly reify   '/Users/raffimedz/Desktop/Raffi/afterschool/hemsidor/ALNAHRAYN_Fisk_Iraqi_Fire_Edition/node_modules/ajv-formats'
16 silly reify ]
17 silly reify mark retired [
17 silly reify   '/Users/raffimedz/Desktop/Raffi/afterschool/hemsidor/ALNAHRAYN_Fisk_Iraqi_Fire_Edition/node_modules/ajv'
17 silly reify ]
18 silly reify mark retired [
18 silly reify   '/Users/raffimedz/Desktop/Raffi/afterschool/hemsidor/ALNAHRAYN_Fisk_Iraqi_Fire_Edition/node_modules/array-buffer-byte-length'
18 silly reify ]
19 silly reify mark retired [
19 silly reify   '/Users/raffimedz/Desktop/Raffi/afterschool/hemsidor/ALNAHRAYN_Fisk_Iraqi_Fire_Edition/node_modules/acorn-loose'
19 silly reify ]
20 silly reify mark retired [
20 silly reify   '/Users/raffimedz/Desktop/Raffi/afterschool/hemsidor/ALNAHRAYN_Fisk_Iraqi_Fire_Edition/node_modules/array.prototype.flatmap'
20 silly reify ]
21 silly reify mark retired [
21 silly reify   '/Users/raffimedz/Desktop/Raffi/afterschool/hemsidor/ALNAHRAYN_Fisk_Iraqi_Fire_Edition/node_modules/aria-query'
21 silly reify ]
22 silly reify mark retired [
22 silly reify   '/Users/raffimedz/Desktop/Raffi/afterschool/hemsidor/ALNAHRAYN_Fisk_Iraqi_Fire_Edition/node_modules/array.prototype.flat'
22 silly reify ]
23 silly reify mark retired [
23 silly reify   '/Users/raffimedz/Desktop/Raffi/afterschool/hemsidor/ALNAHRAYN_Fisk_Iraqi_Fire_Edition/node_modules/array.prototype.findlast'
23 silly reify ]
24 silly reify mark retired [
24 silly reify   '/Users/raffimedz/Desktop/Raffi/afterschool/hemsidor/ALNAHRAYN_Fisk_Iraqi_Fire_Edition/node_modules/array.prototype.findlastindex'
24 silly reify ]
25 silly reify mark retired [
25 silly reify   '/Users/raffimedz/Desktop/Raffi/afterschool/hemsidor/ALNAHRAYN_Fisk_Iraqi_Fire_Edition/node_modules/array.prototype.tosorted'
25 silly reify ]
26 silly reify mark retired [
26 silly reify   '/Users/raffimedz/Desktop/Raffi/afterschool/hemsidor/ALNAHRAYN_Fisk_Iraqi_Fire_Edition/node_modules/ast-types-flow'
26 silly reify ]
27 silly reify mark retired [
27 silly reify   '/Users/raffimedz/Desktop/Raffi/afterschool/hemsidor/ALNAHRAYN_Fisk_Iraqi_Fire_Edition/node_modules/async-function'
27 silly reify ]
28 silly reify mark retired [
28 silly reify   '/Users/raffimedz/Desktop/Raffi/afterschool/hemsidor/ALNAHRAYN_Fisk_Iraqi_Fire_Edition/node_modules/available-typed-arrays'
28 silly reify ]
29 silly reify mark retired [
29 silly reify   '/Users/raffimedz/Desktop/Raffi/afterschool/hemsidor/ALNAHRAYN_Fisk_Iraqi_Fire_Edition/node_modules/axe-core'
29 silly reify ]
30 silly reify mark retired [
30 silly reify   '/Users/raffimedz/Desktop/Raffi/afterschool/hemsidor/ALNAHRAYN_Fisk_Iraqi_Fire_Edition/node_modules/axobject-query'
30 silly reify ]
31 silly reify mark retired [
31 silly reify   '/Users/raffimedz/Desktop/Raffi/afterschool/hemsidor/ALNAHRAYN_Fisk_Iraqi_Fire_Edition/node_modules/arraybuffer.prototype.slice'
31 silly reify ]
32 silly reify mark retired [
32 silly reify   '/Users/raffimedz/Desktop/Raffi/afterschool/hemsidor/ALNAHRAYN_Fisk_Iraqi_Fire_Edition/node_modules/base64-js'
32 silly reify ]
33 silly reify mark retired [
33 silly reify   '/Users/raffimedz/Desktop/Raffi/afterschool/hemsidor/ALNAHRAYN_Fisk_Iraqi_Fire_Edition/node_modules/array-includes'
33 silly reify ]
34 silly reify mark retired [
34 silly reify   '/Users/raffimedz/Desktop/Raffi/afterschool/hemsidor/ALNAHRAYN_Fisk_Iraqi_Fire_Edition/node_modules/call-bind'
34 silly reify ]
35 silly reify mark retired [
35 silly reify   '/Users/raffimedz/Desktop/Raffi/afterschool/hemsidor/ALNAHRAYN_Fisk_Iraqi_Fire_Edition/node_modules/baseline-browser-mapping',
35 silly reify   '/Users/raffimedz/Desktop/Raffi/afterschool/hemsidor/ALNAHRAYN_Fisk_Iraqi_Fire_Edition/node_modules/.bin/baseline-browser-mapping'
35 silly reify ]
36 silly reify mark retired [
36 silly reify   '/Users/raffimedz/Desktop/Raffi/afterschool/hemsidor/ALNAHRAYN_Fisk_Iraqi_Fire_Edition/node_modules/braces'
36 silly reify ]
37 silly reify mark retired [
37 silly reify   '/Users/raffimedz/Desktop/Raffi/afterschool/hemsidor/ALNAHRAYN_Fisk_Iraqi_Fire_Edition/node_modules/call-bound'
37 silly reify ]
38 silly reify mark retired [
38 silly reify   '/Users/raffimedz/Desktop/Raffi/afterschool/hemsidor/ALNAHRAYN_Fisk_Iraqi_Fire_Edition/node_modules/camelize'
38 silly reify ]
39 silly reify mark retired [
39 silly reify   '/Users/raffimedz/Desktop/Raffi/afterschool/hemsidor/ALNAHRAYN_Fisk_Iraqi_Fire_Edition/node_modules/call-bind-apply-helpers'
39 silly reify ]
40 silly reify mark retired [
40 silly reify   '/Users/raffimedz/Desktop/Raffi/afterschool/hemsidor/ALNAHRAYN_Fisk_Iraqi_Fire_Edition/node_modules/caniuse-lite'
40 silly reify ]
41 silly reify mark retired [
41 silly reify   '/Users/raffimedz/Desktop/Raffi/afterschool/hemsidor/ALNAHRAYN_Fisk_Iraqi_Fire_Edition/node_modules/chrome-trace-event'
41 silly reify ]
42 silly reify mark retired [
42 silly reify   '/Users/raffimedz/Desktop/Raffi/afterschool/hemsidor/ALNAHRAYN_Fisk_Iraqi_Fire_Edition/node_modules/browserslist',
42 silly reify   '/Users/raffimedz/Desktop/Raffi/afterschool/hemsidor/ALNAHRAYN_Fisk_Iraqi_Fire_Edition/node_modules/.bin/browserslist'
42 silly reify ]
43 silly reify mark retired [
43 silly reify   '/Users/raffimedz/Desktop/Raffi/afterschool/hemsidor/ALNAHRAYN_Fisk_Iraqi_Fire_Edition/node_modules/client-only'
43 silly reify ]
44 silly reify mark retired [
44 silly reify   '/Users/raffimedz/Desktop/Raffi/afterschool/hemsidor/ALNAHRAYN_Fisk_Iraqi_Fire_Edition/node_modules/commander'
44 silly reify ]
45 silly reify mark retired [
45 silly reify   '/Users/raffimedz/Desktop/Raffi/afterschool/hemsidor/ALNAHRAYN_Fisk_Iraqi_Fire_Edition/node_modules/css-background-parser'
45 silly reify ]
46 silly reify mark retired [
46 silly reify   '/Users/raffimedz/Desktop/Raffi/afterschool/hemsidor/ALNAHRAYN_Fisk_Iraqi_Fire_Edition/node_modules/convert-source-map'
46 silly reify ]
47 silly reify mark retired [
47 silly reify   '/Users/raffimedz/Desktop/Raffi/afterschool/hemsidor/ALNAHRAYN_Fisk_Iraqi_Fire_Edition/node_modules/css-box-shadow'
47 silly reify ]
48 silly reify mark retired [
48 silly reify   '/Users/raffimedz/Desktop/Raffi/afterschool/hemsidor/ALNAHRAYN_Fisk_Iraqi_Fire_Edition/node_modules/css-color-keywords'
48 silly reify ]
49 silly reify mark retired [
49 silly reify   '/Users/raffimedz/Desktop/Raffi/afterschool/hemsidor/ALNAHRAYN_Fisk_Iraqi_Fire_Edition/node_modules/css-gradient-parser'
49 silly reify ]
50 silly reify mark retired [
50 silly reify   '/Users/raffimedz/Desktop/Raffi/afterschool/hemsidor/ALNAHRAYN_Fisk_Iraqi_Fire_Edition/node_modules/css-to-react-native'
50 silly reify ]
51 silly reify mark retired [
51 silly reify   '/Users/raffimedz/Desktop/Raffi/afterschool/hemsidor/ALNAHRAYN_Fisk_Iraqi_Fire_Edition/node_modules/data-view-byte-length'
51 silly reify ]
52 silly reify mark retired [
52 silly reify   '/Users/raffimedz/Desktop/Raffi/afterschool/hemsidor/ALNAHRAYN_Fisk_Iraqi_Fire_Edition/node_modules/damerau-levenshtein'
52 silly reify ]
53 silly reify mark retired [
53 silly reify   '/Users/raffimedz/Desktop/Raffi/afterschool/hemsidor/ALNAHRAYN_Fisk_Iraqi_Fire_Edition/node_modules/define-data-property'
53 silly reify ]
54 silly reify mark retired [
54 silly reify   '/Users/raffimedz/Desktop/Raffi/afterschool/hemsidor/ALNAHRAYN_Fisk_Iraqi_Fire_Edition/node_modules/data-view-buffer'
54 silly reify ]
55 silly reify mark retired [
55 silly reify   '/Users/raffimedz/Desktop/Raffi/afterschool/hemsidor/ALNAHRAYN_Fisk_Iraqi_Fire_Edition/node_modules/data-view-byte-offset'
55 silly reify ]
56 silly reify mark retired [
56 silly reify   '/Users/raffimedz/Desktop/Raffi/afterschool/hemsidor/ALNAHRAYN_Fisk_Iraqi_Fire_Edition/node_modules/doctrine'
56 silly reify ]
57 silly reify mark retired [
57 silly reify   '/Users/raffimedz/Desktop/Raffi/afterschool/hemsidor/ALNAHRAYN_Fisk_Iraqi_Fire_Edition/node_modules/define-properties'
57 silly reify ]
58 silly reify mark retired [
58 silly reify   '/Users/raffimedz/Desktop/Raffi/afterschool/hemsidor/ALNAHRAYN_Fisk_Iraqi_Fire_Edition/node_modules/dunder-proto'
58 silly reify ]
59 silly reify mark retired [
59 silly reify   '/Users/raffimedz/Desktop/Raffi/afterschool/hemsidor/ALNAHRAYN_Fisk_Iraqi_Fire_Edition/node_modules/electron-to-chromium'
59 silly reify ]
60 silly reify mark retired [
60 silly reify   '/Users/raffimedz/Desktop/Raffi/afterschool/hemsidor/ALNAHRAYN_Fisk_Iraqi_Fire_Edition/node_modules/emoji-regex-xs'
60 silly reify ]
61 silly reify mark retired [
61 silly reify   '/Users/raffimedz/Desktop/Raffi/afterschool/hemsidor/ALNAHRAYN_Fisk_Iraqi_Fire_Edition/node_modules/es-object-atoms'
61 silly reify ]
62 silly reify mark retired [
62 silly reify   '/Users/raffimedz/Desktop/Raffi/afterschool/hemsidor/ALNAHRAYN_Fisk_Iraqi_Fire_Edition/node_modules/es-iterator-helpers'
62 silly reify ]
63 silly reify mark retired [
63 silly reify   '/Users/raffimedz/Desktop/Raffi/afterschool/hemsidor/ALNAHRAYN_Fisk_Iraqi_Fire_Edition/node_modules/es-abstract'
63 silly reify ]
64 silly reify mark retired [
64 silly reify   '/Users/raffimedz/Desktop/Raffi/afterschool/hemsidor/ALNAHRAYN_Fisk_Iraqi_Fire_Edition/node_modules/es-errors'
64 silly reify ]
65 silly reify mark retired [
65 silly reify   '/Users/raffimedz/Desktop/Raffi/afterschool/hemsidor/ALNAHRAYN_Fisk_Iraqi_Fire_Edition/node_modules/es-define-property'
65 silly reify ]
66 silly reify mark retired [
66 silly reify   '/Users/raffimedz/Desktop/Raffi/afterschool/hemsidor/ALNAHRAYN_Fisk_Iraqi_Fire_Edition/node_modules/es-shim-unscopables'
66 silly reify ]
67 silly reify mark retired [
67 silly reify   '/Users/raffimedz/Desktop/Raffi/afterschool/hemsidor/ALNAHRAYN_Fisk_Iraqi_Fire_Edition/node_modules/escalade'
67 silly reify ]
68 silly reify mark retired [
68 silly reify   '/Users/raffimedz/Desktop/Raffi/afterschool/hemsidor/ALNAHRAYN_Fisk_Iraqi_Fire_Edition/node_modules/emoji-regex'
68 silly reify ]
69 silly reify mark retired [
69 silly reify   '/Users/raffimedz/Desktop/Raffi/afterschool/hemsidor/ALNAHRAYN_Fisk_Iraqi_Fire_Edition/node_modules/es-to-primitive'
69 silly reify ]
70 silly reify mark retired [
70 silly reify   '/Users/raffimedz/Desktop/Raffi/afterschool/hemsidor/ALNAHRAYN_Fisk_Iraqi_Fire_Edition/node_modules/escape-html'
70 silly reify ]
71 silly reify mark retired [
71 silly reify   '/Users/raffimedz/Desktop/Raffi/afterschool/hemsidor/ALNAHRAYN_Fisk_Iraqi_Fire_Edition/node_modules/es-set-tostringtag'
71 silly reify ]
72 silly reify mark retired [
72 silly reify   '/Users/raffimedz/Desktop/Raffi/afterschool/hemsidor/ALNAHRAYN_Fisk_Iraqi_Fire_Edition/node_modules/eslint-config-next'
72 silly reify ]
73 silly reify mark retired [
73 silly reify   '/Users/raffimedz/Desktop/Raffi/afterschool/hemsidor/ALNAHRAYN_Fisk_Iraqi_Fire_Edition/node_modules/eslint-import-resolver-node'
73 silly reify ]
74 silly reify mark retired [
74 silly reify   '/Users/raffimedz/Desktop/Raffi/afterschool/hemsidor/ALNAHRAYN_Fisk_Iraqi_Fire_Edition/node_modules/eslint-import-resolver-typescript'
74 silly reify ]
75 silly reify mark retired [
75 silly reify   '/Users/raffimedz/Desktop/Raffi/afterschool/hemsidor/ALNAHRAYN_Fisk_Iraqi_Fire_Edition/node_modules/eslint-plugin-import'
75 silly reify ]
76 silly reify mark retired [
76 silly reify   '/Users/raffimedz/Desktop/Raffi/afterschool/hemsidor/ALNAHRAYN_Fisk_Iraqi_Fire_Edition/node_modules/eslint-module-utils'
76 silly reify ]
77 silly reify mark retired [
77 silly reify   '/Users/raffimedz/Desktop/Raffi/afterschool/hemsidor/ALNAHRAYN_Fisk_Iraqi_Fire_Edition/node_modules/eslint-plugin-react'
77 silly reify ]
78 silly reify mark retired [
78 silly reify   '/Users/raffimedz/Desktop/Raffi/afterschool/hemsidor/ALNAHRAYN_Fisk_Iraqi_Fire_Edition/node_modules/eslint-plugin-jsx-a11y'
78 silly reify ]
79 silly reify mark retired [
79 silly reify   '/Users/raffimedz/Desktop/Raffi/afterschool/hemsidor/ALNAHRAYN_Fisk_Iraqi_Fire_Edition/node_modules/eslint-plugin-react-hooks'
79 silly reify ]
80 silly reify mark retired [
80 silly reify   '/Users/raffimedz/Desktop/Raffi/afterschool/hemsidor/ALNAHRAYN_Fisk_Iraqi_Fire_Edition/node_modules/events'
80 silly reify ]
81 silly reify mark retired [
81 silly reify   '/Users/raffimedz/Desktop/Raffi/afterschool/hemsidor/ALNAHRAYN_Fisk_Iraqi_Fire_Edition/node_modules/fast-glob'
81 silly reify ]
82 silly reify mark retired [
82 silly reify   '/Users/raffimedz/Desktop/Raffi/afterschool/hemsidor/ALNAHRAYN_Fisk_Iraqi_Fire_Edition/node_modules/fastq'
82 silly reify ]
83 silly reify mark retired [
83 silly reify   '/Users/raffimedz/Desktop/Raffi/afterschool/hemsidor/ALNAHRAYN_Fisk_Iraqi_Fire_Edition/node_modules/fast-uri'
83 silly reify ]
84 silly reify mark retired [
84 silly reify   '/Users/raffimedz/Desktop/Raffi/afterschool/hemsidor/ALNAHRAYN_Fisk_Iraqi_Fire_Edition/node_modules/fflate'
84 silly reify ]
85 silly reify mark retired [
85 silly reify   '/Users/raffimedz/Desktop/Raffi/afterschool/hemsidor/ALNAHRAYN_Fisk_Iraqi_Fire_Edition/node_modules/fill-range'
85 silly reify ]
86 silly reify mark retired [
86 silly reify   '/Users/raffimedz/Desktop/Raffi/afterschool/hemsidor/ALNAHRAYN_Fisk_Iraqi_Fire_Edition/node_modules/for-each'
86 silly reify ]
87 silly reify mark retired [
87 silly reify   '/Users/raffimedz/Desktop/Raffi/afterschool/hemsidor/ALNAHRAYN_Fisk_Iraqi_Fire_Edition/node_modules/function-bind'
87 silly reify ]
88 silly reify mark retired [
88 silly reify   '/Users/raffimedz/Desktop/Raffi/afterschool/hemsidor/ALNAHRAYN_Fisk_Iraqi_Fire_Edition/node_modules/generator-function'
88 silly reify ]
89 silly reify mark retired [
89 silly reify   '/Users/raffimedz/Desktop/Raffi/afterschool/hemsidor/ALNAHRAYN_Fisk_Iraqi_Fire_Edition/node_modules/gensync'
89 silly reify ]
90 silly reify mark retired [
90 silly reify   '/Users/raffimedz/Desktop/Raffi/afterschool/hemsidor/ALNAHRAYN_Fisk_Iraqi_Fire_Edition/node_modules/get-intrinsic'
90 silly reify ]
91 silly reify mark retired [
91 silly reify   '/Users/raffimedz/Desktop/Raffi/afterschool/hemsidor/ALNAHRAYN_Fisk_Iraqi_Fire_Edition/node_modules/function.prototype.name'
91 silly reify ]
92 silly reify mark retired [
92 silly reify   '/Users/raffimedz/Desktop/Raffi/afterschool/hemsidor/ALNAHRAYN_Fisk_Iraqi_Fire_Edition/node_modules/get-symbol-description'
92 silly reify ]
93 silly reify mark retired [
93 silly reify   '/Users/raffimedz/Desktop/Raffi/afterschool/hemsidor/ALNAHRAYN_Fisk_Iraqi_Fire_Edition/node_modules/functions-have-names'
93 silly reify ]
94 silly reify mark retired [
94 silly reify   '/Users/raffimedz/Desktop/Raffi/afterschool/hemsidor/ALNAHRAYN_Fisk_Iraqi_Fire_Edition/node_modules/glob-to-regexp'
94 silly reify ]
95 silly reify mark retired [
95 silly reify   '/Users/raffimedz/Desktop/Raffi/afterschool/hemsidor/ALNAHRAYN_Fisk_Iraqi_Fire_Edition/node_modules/globrex'
95 silly reify ]
96 silly reify mark retired [
96 silly reify   '/Users/raffimedz/Desktop/Raffi/afterschool/hemsidor/ALNAHRAYN_Fisk_Iraqi_Fire_Edition/node_modules/globalthis'
96 silly reify ]
97 silly reify mark retired [
97 silly reify   '/Users/raffimedz/Desktop/Raffi/afterschool/hemsidor/ALNAHRAYN_Fisk_Iraqi_Fire_Edition/node_modules/get-proto'
97 silly reify ]
98 silly reify mark retired [
98 silly reify   '/Users/raffimedz/Desktop/Raffi/afterschool/hemsidor/ALNAHRAYN_Fisk_Iraqi_Fire_Edition/node_modules/gopd'
98 silly reify ]
99 silly reify mark retired [
99 silly reify   '/Users/raffimedz/Desktop/Raffi/afterschool/hemsidor/ALNAHRAYN_Fisk_Iraqi_Fire_Edition/node_modules/has-property-descriptors'
99 silly reify ]
100 silly reify mark retired [
100 silly reify   '/Users/raffimedz/Desktop/Raffi/afterschool/hemsidor/ALNAHRAYN_Fisk_Iraqi_Fire_Edition/node_modules/has-proto'
100 silly reify ]
101 silly reify mark retired [
101 silly reify   '/Users/raffimedz/Desktop/Raffi/afterschool/hemsidor/ALNAHRAYN_Fisk_Iraqi_Fire_Edition/node_modules/has-bigints'
101 silly reify ]
102 silly reify mark retired [
102 silly reify   '/Users/raffimedz/Desktop/Raffi/afterschool/hemsidor/ALNAHRAYN_Fisk_Iraqi_Fire_Edition/node_modules/has-symbols'
102 silly reify ]
103 silly reify mark retired [
103 silly reify   '/Users/raffimedz/Desktop/Raffi/afterschool/hemsidor/ALNAHRAYN_Fisk_Iraqi_Fire_Edition/node_modules/hasown'
103 silly reify ]
104 silly reify mark retired [
104 silly reify   '/Users/raffimedz/Desktop/Raffi/afterschool/hemsidor/ALNAHRAYN_Fisk_Iraqi_Fire_Edition/node_modules/has-tostringtag'
104 silly reify ]
105 silly reify mark retired [
105 silly reify   '/Users/raffimedz/Desktop/Raffi/afterschool/hemsidor/ALNAHRAYN_Fisk_Iraqi_Fire_Edition/node_modules/hermes-parser'
105 silly reify ]
106 silly reify mark retired [
106 silly reify   '/Users/raffimedz/Desktop/Raffi/afterschool/hemsidor/ALNAHRAYN_Fisk_Iraqi_Fire_Edition/node_modules/hex-rgb'
106 silly reify ]
107 silly reify mark retired [
107 silly reify   '/Users/raffimedz/Desktop/Raffi/afterschool/hemsidor/ALNAHRAYN_Fisk_Iraqi_Fire_Edition/node_modules/image-size',
107 silly reify   '/Users/raffimedz/Desktop/Raffi/afterschool/hemsidor/ALNAHRAYN_Fisk_Iraqi_Fire_Edition/node_modules/.bin/image-size'
107 silly reify ]
108 silly reify mark retired [
108 silly reify   '/Users/raffimedz/Desktop/Raffi/afterschool/hemsidor/ALNAHRAYN_Fisk_Iraqi_Fire_Edition/node_modules/hermes-estree'
108 silly reify ]
109 silly reify mark retired [
109 silly reify   '/Users/raffimedz/Desktop/Raffi/afterschool/hemsidor/ALNAHRAYN_Fisk_Iraqi_Fire_Edition/node_modules/internal-slot'
109 silly reify ]
110 silly reify mark retired [
110 silly reify   '/Users/raffimedz/Desktop/Raffi/afterschool/hemsidor/ALNAHRAYN_Fisk_Iraqi_Fire_Edition/node_modules/ipaddr.js'
110 silly reify ]
111 silly reify mark retired [
111 silly reify   '/Users/raffimedz/Desktop/Raffi/afterschool/hemsidor/ALNAHRAYN_Fisk_Iraqi_Fire_Edition/node_modules/is-bigint'
111 silly reify ]
112 silly reify mark retired [
112 silly reify   '/Users/raffimedz/Desktop/Raffi/afterschool/hemsidor/ALNAHRAYN_Fisk_Iraqi_Fire_Edition/node_modules/is-array-buffer'
112 silly reify ]
113 silly reify mark retired [
113 silly reify   '/Users/raffimedz/Desktop/Raffi/afterschool/hemsidor/ALNAHRAYN_Fisk_Iraqi_Fire_Edition/node_modules/is-async-function'
113 silly reify ]
114 silly reify mark retired [
114 silly reify   '/Users/raffimedz/Desktop/Raffi/afterschool/hemsidor/ALNAHRAYN_Fisk_Iraqi_Fire_Edition/node_modules/is-boolean-object'
114 silly reify ]
115 silly reify mark retired [
115 silly reify   '/Users/raffimedz/Desktop/Raffi/afterschool/hemsidor/ALNAHRAYN_Fisk_Iraqi_Fire_Edition/node_modules/is-bun-module'
115 silly reify ]
116 silly reify mark retired [
116 silly reify   '/Users/raffimedz/Desktop/Raffi/afterschool/hemsidor/ALNAHRAYN_Fisk_Iraqi_Fire_Edition/node_modules/is-callable'
116 silly reify ]
117 silly reify mark retired [
117 silly reify   '/Users/raffimedz/Desktop/Raffi/afterschool/hemsidor/ALNAHRAYN_Fisk_Iraqi_Fire_Edition/node_modules/is-data-view'
117 silly reify ]
118 silly reify mark retired [
118 silly reify   '/Users/raffimedz/Desktop/Raffi/afterschool/hemsidor/ALNAHRAYN_Fisk_Iraqi_Fire_Edition/node_modules/is-date-object'
118 silly reify ]
119 silly reify mark retired [
119 silly reify   '/Users/raffimedz/Desktop/Raffi/afterschool/hemsidor/ALNAHRAYN_Fisk_Iraqi_Fire_Edition/node_modules/is-finalizationregistry'
119 silly reify ]
120 silly reify mark retired [
120 silly reify   '/Users/raffimedz/Desktop/Raffi/afterschool/hemsidor/ALNAHRAYN_Fisk_Iraqi_Fire_Edition/node_modules/is-core-module'
120 silly reify ]
121 silly reify mark retired [
121 silly reify   '/Users/raffimedz/Desktop/Raffi/afterschool/hemsidor/ALNAHRAYN_Fisk_Iraqi_Fire_Edition/node_modules/is-generator-function'
121 silly reify ]
122 silly reify mark retired [
122 silly reify   '/Users/raffimedz/Desktop/Raffi/afterschool/hemsidor/ALNAHRAYN_Fisk_Iraqi_Fire_Edition/node_modules/is-negative-zero'
122 silly reify ]
123 silly reify mark retired [
123 silly reify   '/Users/raffimedz/Desktop/Raffi/afterschool/hemsidor/ALNAHRAYN_Fisk_Iraqi_Fire_Edition/node_modules/is-regex'
123 silly reify ]
124 silly reify mark retired [
124 silly reify   '/Users/raffimedz/Desktop/Raffi/afterschool/hemsidor/ALNAHRAYN_Fisk_Iraqi_Fire_Edition/node_modules/is-number-object'
124 silly reify ]
125 silly reify mark retired [
125 silly reify   '/Users/raffimedz/Desktop/Raffi/afterschool/hemsidor/ALNAHRAYN_Fisk_Iraqi_Fire_Edition/node_modules/is-number'
125 silly reify ]
126 silly reify mark retired [
126 silly reify   '/Users/raffimedz/Desktop/Raffi/afterschool/hemsidor/ALNAHRAYN_Fisk_Iraqi_Fire_Edition/node_modules/is-map'
126 silly reify ]
127 silly reify mark retired [
127 silly reify   '/Users/raffimedz/Desktop/Raffi/afterschool/hemsidor/ALNAHRAYN_Fisk_Iraqi_Fire_Edition/node_modules/is-shared-array-buffer'
127 silly reify ]
128 silly reify mark retired [
128 silly reify   '/Users/raffimedz/Desktop/Raffi/afterschool/hemsidor/ALNAHRAYN_Fisk_Iraqi_Fire_Edition/node_modules/is-string'
128 silly reify ]
129 silly reify mark retired [
129 silly reify   '/Users/raffimedz/Desktop/Raffi/afterschool/hemsidor/ALNAHRAYN_Fisk_Iraqi_Fire_Edition/node_modules/is-set'
129 silly reify ]
130 silly reify mark retired [
130 silly reify   '/Users/raffimedz/Desktop/Raffi/afterschool/hemsidor/ALNAHRAYN_Fisk_Iraqi_Fire_Edition/node_modules/is-typed-array'
130 silly reify ]
131 silly reify mark retired [
131 silly reify   '/Users/raffimedz/Desktop/Raffi/afterschool/hemsidor/ALNAHRAYN_Fisk_Iraqi_Fire_Edition/node_modules/is-weakmap'
131 silly reify ]
132 silly reify mark retired [
132 silly reify   '/Users/raffimedz/Desktop/Raffi/afterschool/hemsidor/ALNAHRAYN_Fisk_Iraqi_Fire_Edition/node_modules/is-weakref'
132 silly reify ]
133 silly reify mark retired [
133 silly reify   '/Users/raffimedz/Desktop/Raffi/afterschool/hemsidor/ALNAHRAYN_Fisk_Iraqi_Fire_Edition/node_modules/is-symbol'
133 silly reify ]
134 silly reify mark retired [
134 silly reify   '/Users/raffimedz/Desktop/Raffi/afterschool/hemsidor/ALNAHRAYN_Fisk_Iraqi_Fire_Edition/node_modules/isarray'
134 silly reify ]
135 silly reify mark retired [
135 silly reify   '/Users/raffimedz/Desktop/Raffi/afterschool/hemsidor/ALNAHRAYN_Fisk_Iraqi_Fire_Edition/node_modules/is-weakset'
135 silly reify ]
136 silly reify mark retired [
136 silly reify   '/Users/raffimedz/Desktop/Raffi/afterschool/hemsidor/ALNAHRAYN_Fisk_Iraqi_Fire_Edition/node_modules/jest-worker'
136 silly reify ]
137 silly reify mark retired [
137 silly reify   '/Users/raffimedz/Desktop/Raffi/afterschool/hemsidor/ALNAHRAYN_Fisk_Iraqi_Fire_Edition/node_modules/js-tokens'
137 silly reify ]
138 silly reify mark retired [
138 silly reify   '/Users/raffimedz/Desktop/Raffi/afterschool/hemsidor/ALNAHRAYN_Fisk_Iraqi_Fire_Edition/node_modules/jsesc',
138 silly reify   '/Users/raffimedz/Desktop/Raffi/afterschool/hemsidor/ALNAHRAYN_Fisk_Iraqi_Fire_Edition/node_modules/.bin/jsesc'
138 silly reify ]
139 silly reify mark retired [
139 silly reify   '/Users/raffimedz/Desktop/Raffi/afterschool/hemsidor/ALNAHRAYN_Fisk_Iraqi_Fire_Edition/node_modules/iterator.prototype'
139 silly reify ]
140 silly reify mark retired [
140 silly reify   '/Users/raffimedz/Desktop/Raffi/afterschool/hemsidor/ALNAHRAYN_Fisk_Iraqi_Fire_Edition/node_modules/json-schema-traverse'
140 silly reify ]
141 silly reify mark retired [
141 silly reify   '/Users/raffimedz/Desktop/Raffi/afterschool/hemsidor/ALNAHRAYN_Fisk_Iraqi_Fire_Edition/node_modules/jsx-ast-utils'
141 silly reify ]
142 silly reify mark retired [
142 silly reify   '/Users/raffimedz/Desktop/Raffi/afterschool/hemsidor/ALNAHRAYN_Fisk_Iraqi_Fire_Edition/node_modules/linebreak'
142 silly reify ]
143 silly reify mark retired [
143 silly reify   '/Users/raffimedz/Desktop/Raffi/afterschool/hemsidor/ALNAHRAYN_Fisk_Iraqi_Fire_Edition/node_modules/loader-runner'
143 silly reify ]
144 silly reify mark retired [
144 silly reify   '/Users/raffimedz/Desktop/Raffi/afterschool/hemsidor/ALNAHRAYN_Fisk_Iraqi_Fire_Edition/node_modules/language-subtag-registry'
144 silly reify ]
145 silly reify mark retired [
145 silly reify   '/Users/raffimedz/Desktop/Raffi/afterschool/hemsidor/ALNAHRAYN_Fisk_Iraqi_Fire_Edition/node_modules/language-tags'
145 silly reify ]
146 silly reify mark retired [
146 silly reify   '/Users/raffimedz/Desktop/Raffi/afterschool/hemsidor/ALNAHRAYN_Fisk_Iraqi_Fire_Edition/node_modules/json5',
146 silly reify   '/Users/raffimedz/Desktop/Raffi/afterschool/hemsidor/ALNAHRAYN_Fisk_Iraqi_Fire_Edition/node_modules/.bin/json5'
146 silly reify ]
147 silly reify mark retired [
147 silly reify   '/Users/raffimedz/Desktop/Raffi/afterschool/hemsidor/ALNAHRAYN_Fisk_Iraqi_Fire_Edition/node_modules/math-intrinsics'
147 silly reify ]
148 silly reify mark retired [
148 silly reify   '/Users/raffimedz/Desktop/Raffi/afterschool/hemsidor/ALNAHRAYN_Fisk_Iraqi_Fire_Edition/node_modules/lru-cache'
148 silly reify ]
149 silly reify mark retired [
149 silly reify   '/Users/raffimedz/Desktop/Raffi/afterschool/hemsidor/ALNAHRAYN_Fisk_Iraqi_Fire_Edition/node_modules/merge-stream'
149 silly reify ]
150 silly reify mark retired [
150 silly reify   '/Users/raffimedz/Desktop/Raffi/afterschool/hemsidor/ALNAHRAYN_Fisk_Iraqi_Fire_Edition/node_modules/micromatch'
150 silly reify ]
151 silly reify mark retired [
151 silly reify   '/Users/raffimedz/Desktop/Raffi/afterschool/hemsidor/ALNAHRAYN_Fisk_Iraqi_Fire_Edition/node_modules/merge2'
151 silly reify ]
152 silly reify mark retired [
152 silly reify   '/Users/raffimedz/Desktop/Raffi/afterschool/hemsidor/ALNAHRAYN_Fisk_Iraqi_Fire_Edition/node_modules/mime-db'
152 silly reify ]
153 silly reify mark retired [
153 silly reify   '/Users/raffimedz/Desktop/Raffi/afterschool/hemsidor/ALNAHRAYN_Fisk_Iraqi_Fire_Edition/node_modules/loose-envify',
153 silly reify   '/Users/raffimedz/Desktop/Raffi/afterschool/hemsidor/ALNAHRAYN_Fisk_Iraqi_Fire_Edition/node_modules/.bin/loose-envify'
153 silly reify ]
154 silly reify mark retired [
154 silly reify   '/Users/raffimedz/Desktop/Raffi/afterschool/hemsidor/ALNAHRAYN_Fisk_Iraqi_Fire_Edition/node_modules/minimist'
154 silly reify ]
155 silly reify mark retired [
155 silly reify   '/Users/raffimedz/Desktop/Raffi/afterschool/hemsidor/ALNAHRAYN_Fisk_Iraqi_Fire_Edition/node_modules/napi-postinstall',
155 silly reify   '/Users/raffimedz/Desktop/Raffi/afterschool/hemsidor/ALNAHRAYN_Fisk_Iraqi_Fire_Edition/node_modules/.bin/napi-postinstall'
155 silly reify ]
156 silly reify mark retired [
156 silly reify   '/Users/raffimedz/Desktop/Raffi/afterschool/hemsidor/ALNAHRAYN_Fisk_Iraqi_Fire_Edition/node_modules/node-exports-info'
156 silly reify ]
157 silly reify mark retired [
157 silly reify   '/Users/raffimedz/Desktop/Raffi/afterschool/hemsidor/ALNAHRAYN_Fisk_Iraqi_Fire_Edition/node_modules/next',
157 silly reify   '/Users/raffimedz/Desktop/Raffi/afterschool/hemsidor/ALNAHRAYN_Fisk_Iraqi_Fire_Edition/node_modules/.bin/next'
157 silly reify ]
158 silly reify mark retired [
158 silly reify   '/Users/raffimedz/Desktop/Raffi/afterschool/hemsidor/ALNAHRAYN_Fisk_Iraqi_Fire_Edition/node_modules/object-assign'
158 silly reify ]
159 silly reify mark retired [
159 silly reify   '/Users/raffimedz/Desktop/Raffi/afterschool/hemsidor/ALNAHRAYN_Fisk_Iraqi_Fire_Edition/node_modules/node-releases'
159 silly reify ]
160 silly reify mark retired [
160 silly reify   '/Users/raffimedz/Desktop/Raffi/afterschool/hemsidor/ALNAHRAYN_Fisk_Iraqi_Fire_Edition/node_modules/neo-async'
160 silly reify ]
161 silly reify mark retired [
161 silly reify   '/Users/raffimedz/Desktop/Raffi/afterschool/hemsidor/ALNAHRAYN_Fisk_Iraqi_Fire_Edition/node_modules/object-keys'
161 silly reify ]
162 silly reify mark retired [
162 silly reify   '/Users/raffimedz/Desktop/Raffi/afterschool/hemsidor/ALNAHRAYN_Fisk_Iraqi_Fire_Edition/node_modules/object.entries'
162 silly reify ]
163 silly reify mark retired [
163 silly reify   '/Users/raffimedz/Desktop/Raffi/afterschool/hemsidor/ALNAHRAYN_Fisk_Iraqi_Fire_Edition/node_modules/object-inspect'
163 silly reify ]
164 silly reify mark retired [
164 silly reify   '/Users/raffimedz/Desktop/Raffi/afterschool/hemsidor/ALNAHRAYN_Fisk_Iraqi_Fire_Edition/node_modules/object.fromentries'
164 silly reify ]
165 silly reify mark retired [
165 silly reify   '/Users/raffimedz/Desktop/Raffi/afterschool/hemsidor/ALNAHRAYN_Fisk_Iraqi_Fire_Edition/node_modules/object.values'
165 silly reify ]
166 silly reify mark retired [
166 silly reify   '/Users/raffimedz/Desktop/Raffi/afterschool/hemsidor/ALNAHRAYN_Fisk_Iraqi_Fire_Edition/node_modules/object.groupby'
166 silly reify ]
167 silly reify mark retired [
167 silly reify   '/Users/raffimedz/Desktop/Raffi/afterschool/hemsidor/ALNAHRAYN_Fisk_Iraqi_Fire_Edition/node_modules/own-keys'
167 silly reify ]
168 silly reify mark retired [
168 silly reify   '/Users/raffimedz/Desktop/Raffi/afterschool/hemsidor/ALNAHRAYN_Fisk_Iraqi_Fire_Edition/node_modules/object.assign'
168 silly reify ]
169 silly reify mark retired [
169 silly reify   '/Users/raffimedz/Desktop/Raffi/afterschool/hemsidor/ALNAHRAYN_Fisk_Iraqi_Fire_Edition/node_modules/pako'
169 silly reify ]
170 silly reify mark retired [
170 silly reify   '/Users/raffimedz/Desktop/Raffi/afterschool/hemsidor/ALNAHRAYN_Fisk_Iraqi_Fire_Edition/node_modules/path-parse'
170 silly reify ]
171 silly reify mark retired [
171 silly reify   '/Users/raffimedz/Desktop/Raffi/afterschool/hemsidor/ALNAHRAYN_Fisk_Iraqi_Fire_Edition/node_modules/parse-css-color'
171 silly reify ]
172 silly reify mark retired [
172 silly reify   '/Users/raffimedz/Desktop/Raffi/afterschool/hemsidor/ALNAHRAYN_Fisk_Iraqi_Fire_Edition/node_modules/picomatch'
172 silly reify ]
173 silly reify mark retired [
173 silly reify   '/Users/raffimedz/Desktop/Raffi/afterschool/hemsidor/ALNAHRAYN_Fisk_Iraqi_Fire_Edition/node_modules/postcss-value-parser'
173 silly reify ]
174 silly reify mark retired [
174 silly reify   '/Users/raffimedz/Desktop/Raffi/afterschool/hemsidor/ALNAHRAYN_Fisk_Iraqi_Fire_Edition/node_modules/prop-types'
174 silly reify ]
175 silly reify mark retired [
175 silly reify   '/Users/raffimedz/Desktop/Raffi/afterschool/hemsidor/ALNAHRAYN_Fisk_Iraqi_Fire_Edition/node_modules/queue-microtask'
175 silly reify ]
176 silly reify mark retired [
176 silly reify   '/Users/raffimedz/Desktop/Raffi/afterschool/hemsidor/ALNAHRAYN_Fisk_Iraqi_Fire_Edition/node_modules/possible-typed-array-names'
176 silly reify ]
177 silly reify mark retired [
177 silly reify   '/Users/raffimedz/Desktop/Raffi/afterschool/hemsidor/ALNAHRAYN_Fisk_Iraqi_Fire_Edition/node_modules/react-server-dom-webpack'
177 silly reify ]
178 silly reify mark retired [
178 silly reify   '/Users/raffimedz/Desktop/Raffi/afterschool/hemsidor/ALNAHRAYN_Fisk_Iraqi_Fire_Edition/node_modules/regexp.prototype.flags'
178 silly reify ]
179 silly reify mark retired [
179 silly reify   '/Users/raffimedz/Desktop/Raffi/afterschool/hemsidor/ALNAHRAYN_Fisk_Iraqi_Fire_Edition/node_modules/reflect.getprototypeof'
179 silly reify ]
180 silly reify mark retired [
180 silly reify   '/Users/raffimedz/Desktop/Raffi/afterschool/hemsidor/ALNAHRAYN_Fisk_Iraqi_Fire_Edition/node_modules/require-from-string'
180 silly reify ]
181 silly reify mark retired [
181 silly reify   '/Users/raffimedz/Desktop/Raffi/afterschool/hemsidor/ALNAHRAYN_Fisk_Iraqi_Fire_Edition/node_modules/resolve',
181 silly reify   '/Users/raffimedz/Desktop/Raffi/afterschool/hemsidor/ALNAHRAYN_Fisk_Iraqi_Fire_Edition/node_modules/.bin/resolve'
181 silly reify ]
182 silly reify mark retired [
182 silly reify   '/Users/raffimedz/Desktop/Raffi/afterschool/hemsidor/ALNAHRAYN_Fisk_Iraqi_Fire_Edition/node_modules/reusify'
182 silly reify ]
183 silly reify mark retired [
183 silly reify   '/Users/raffimedz/Desktop/Raffi/afterschool/hemsidor/ALNAHRAYN_Fisk_Iraqi_Fire_Edition/node_modules/run-parallel'
183 silly reify ]
184 silly reify mark retired [
184 silly reify   '/Users/raffimedz/Desktop/Raffi/afterschool/hemsidor/ALNAHRAYN_Fisk_Iraqi_Fire_Edition/node_modules/safe-array-concat'
184 silly reify ]
185 silly reify mark retired [
185 silly reify   '/Users/raffimedz/Desktop/Raffi/afterschool/hemsidor/ALNAHRAYN_Fisk_Iraqi_Fire_Edition/node_modules/safe-push-apply'
185 silly reify ]
186 silly reify mark retired [
186 silly reify   '/Users/raffimedz/Desktop/Raffi/afterschool/hemsidor/ALNAHRAYN_Fisk_Iraqi_Fire_Edition/node_modules/satori'
186 silly reify ]
187 silly reify mark retired [
187 silly reify   '/Users/raffimedz/Desktop/Raffi/afterschool/hemsidor/ALNAHRAYN_Fisk_Iraqi_Fire_Edition/node_modules/safe-regex-test'
187 silly reify ]
188 silly reify mark retired [
188 silly reify   '/Users/raffimedz/Desktop/Raffi/afterschool/hemsidor/ALNAHRAYN_Fisk_Iraqi_Fire_Edition/node_modules/schema-utils'
188 silly reify ]
189 silly reify mark retired [
189 silly reify   '/Users/raffimedz/Desktop/Raffi/afterschool/hemsidor/ALNAHRAYN_Fisk_Iraqi_Fire_Edition/node_modules/semver',
189 silly reify   '/Users/raffimedz/Desktop/Raffi/afterschool/hemsidor/ALNAHRAYN_Fisk_Iraqi_Fire_Edition/node_modules/.bin/semver'
189 silly reify ]
190 silly reify mark retired [
190 silly reify   '/Users/raffimedz/Desktop/Raffi/afterschool/hemsidor/ALNAHRAYN_Fisk_Iraqi_Fire_Edition/node_modules/set-function-length'
190 silly reify ]
191 silly reify mark retired [
191 silly reify   '/Users/raffimedz/Desktop/Raffi/afterschool/hemsidor/ALNAHRAYN_Fisk_Iraqi_Fire_Edition/node_modules/set-function-name'
191 silly reify ]
192 silly reify mark retired [
192 silly reify   '/Users/raffimedz/Desktop/Raffi/afterschool/hemsidor/ALNAHRAYN_Fisk_Iraqi_Fire_Edition/node_modules/set-proto'
192 silly reify ]
193 silly reify mark retired [
193 silly reify   '/Users/raffimedz/Desktop/Raffi/afterschool/hemsidor/ALNAHRAYN_Fisk_Iraqi_Fire_Edition/node_modules/side-channel-list'
193 silly reify ]
194 silly reify mark retired [
194 silly reify   '/Users/raffimedz/Desktop/Raffi/afterschool/hemsidor/ALNAHRAYN_Fisk_Iraqi_Fire_Edition/node_modules/side-channel'
194 silly reify ]
195 silly reify mark retired [
195 silly reify   '/Users/raffimedz/Desktop/Raffi/afterschool/hemsidor/ALNAHRAYN_Fisk_Iraqi_Fire_Edition/node_modules/side-channel-weakmap'
195 silly reify ]
196 silly reify mark retired [
196 silly reify   '/Users/raffimedz/Desktop/Raffi/afterschool/hemsidor/ALNAHRAYN_Fisk_Iraqi_Fire_Edition/node_modules/side-channel-map'
196 silly reify ]
197 silly reify mark retired [
197 silly reify   '/Users/raffimedz/Desktop/Raffi/afterschool/hemsidor/ALNAHRAYN_Fisk_Iraqi_Fire_Edition/node_modules/stable-hash'
197 silly reify ]
198 silly reify mark retired [
198 silly reify   '/Users/raffimedz/Desktop/Raffi/afterschool/hemsidor/ALNAHRAYN_Fisk_Iraqi_Fire_Edition/node_modules/stop-iteration-iterator'
198 silly reify ]
199 silly reify mark retired [
199 silly reify   '/Users/raffimedz/Desktop/Raffi/afterschool/hemsidor/ALNAHRAYN_Fisk_Iraqi_Fire_Edition/node_modules/string.prototype.codepointat'
199 silly reify ]
200 silly reify mark retired [
200 silly reify   '/Users/raffimedz/Desktop/Raffi/afterschool/hemsidor/ALNAHRAYN_Fisk_Iraqi_Fire_Edition/node_modules/string.prototype.matchall'
200 silly reify ]
201 silly reify mark retired [
201 silly reify   '/Users/raffimedz/Desktop/Raffi/afterschool/hemsidor/ALNAHRAYN_Fisk_Iraqi_Fire_Edition/node_modules/string.prototype.includes'
201 silly reify ]
202 silly reify mark retired [
202 silly reify   '/Users/raffimedz/Desktop/Raffi/afterschool/hemsidor/ALNAHRAYN_Fisk_Iraqi_Fire_Edition/node_modules/string.prototype.trimstart'
202 silly reify ]
203 silly reify mark retired [
203 silly reify   '/Users/raffimedz/Desktop/Raffi/afterschool/hemsidor/ALNAHRAYN_Fisk_Iraqi_Fire_Edition/node_modules/string.prototype.repeat'
203 silly reify ]
204 silly reify mark retired [
204 silly reify   '/Users/raffimedz/Desktop/Raffi/afterschool/hemsidor/ALNAHRAYN_Fisk_Iraqi_Fire_Edition/node_modules/strip-bom'
204 silly reify ]
205 silly reify mark retired [
205 silly reify   '/Users/raffimedz/Desktop/Raffi/afterschool/hemsidor/ALNAHRAYN_Fisk_Iraqi_Fire_Edition/node_modules/string.prototype.trim'
205 silly reify ]
206 silly reify mark retired [
206 silly reify   '/Users/raffimedz/Desktop/Raffi/afterschool/hemsidor/ALNAHRAYN_Fisk_Iraqi_Fire_Edition/node_modules/styled-jsx'
206 silly reify ]
207 silly reify mark retired [
207 silly reify   '/Users/raffimedz/Desktop/Raffi/afterschool/hemsidor/ALNAHRAYN_Fisk_Iraqi_Fire_Edition/node_modules/string.prototype.trimend'
207 silly reify ]
208 silly reify mark retired [
208 silly reify   '/Users/raffimedz/Desktop/Raffi/afterschool/hemsidor/ALNAHRAYN_Fisk_Iraqi_Fire_Edition/node_modules/supports-preserve-symlinks-flag'
208 silly reify ]
209 silly reify mark retired [
209 silly reify   '/Users/raffimedz/Desktop/Raffi/afterschool/hemsidor/ALNAHRAYN_Fisk_Iraqi_Fire_Edition/node_modules/terser',
209 silly reify   '/Users/raffimedz/Desktop/Raffi/afterschool/hemsidor/ALNAHRAYN_Fisk_Iraqi_Fire_Edition/node_modules/.bin/terser'
209 silly reify ]
210 silly reify mark retired [
210 silly reify   '/Users/raffimedz/Desktop/Raffi/afterschool/hemsidor/ALNAHRAYN_Fisk_Iraqi_Fire_Edition/node_modules/terser-webpack-plugin'
210 silly reify ]
211 silly reify mark retired [
211 silly reify   '/Users/raffimedz/Desktop/Raffi/afterschool/hemsidor/ALNAHRAYN_Fisk_Iraqi_Fire_Edition/node_modules/tiny-inflate'
211 silly reify ]
212 silly reify mark retired [
212 silly reify   '/Users/raffimedz/Desktop/Raffi/afterschool/hemsidor/ALNAHRAYN_Fisk_Iraqi_Fire_Edition/node_modules/to-regex-range'
212 silly reify ]
213 silly reify mark retired [
213 silly reify   '/Users/raffimedz/Desktop/Raffi/afterschool/hemsidor/ALNAHRAYN_Fisk_Iraqi_Fire_Edition/node_modules/ts-api-utils'
213 silly reify ]
214 silly reify mark retired [
214 silly reify   '/Users/raffimedz/Desktop/Raffi/afterschool/hemsidor/ALNAHRAYN_Fisk_Iraqi_Fire_Edition/node_modules/tsconfck',
214 silly reify   '/Users/raffimedz/Desktop/Raffi/afterschool/hemsidor/ALNAHRAYN_Fisk_Iraqi_Fire_Edition/node_modules/.bin/tsconfck'
214 silly reify ]
215 silly reify mark retired [
215 silly reify   '/Users/raffimedz/Desktop/Raffi/afterschool/hemsidor/ALNAHRAYN_Fisk_Iraqi_Fire_Edition/node_modules/tsconfig-paths'
215 silly reify ]
216 silly reify mark retired [
216 silly reify   '/Users/raffimedz/Desktop/Raffi/afterschool/hemsidor/ALNAHRAYN_Fisk_Iraqi_Fire_Edition/node_modules/typed-array-buffer'
216 silly reify ]
217 silly reify mark retired [
217 silly reify   '/Users/raffimedz/Desktop/Raffi/afterschool/hemsidor/ALNAHRAYN_Fisk_Iraqi_Fire_Edition/node_modules/typed-array-byte-offset'
217 silly reify ]
218 silly reify mark retired [
218 silly reify   '/Users/raffimedz/Desktop/Raffi/afterschool/hemsidor/ALNAHRAYN_Fisk_Iraqi_Fire_Edition/node_modules/typescript-eslint'
218 silly reify ]
219 silly reify mark retired [
219 silly reify   '/Users/raffimedz/Desktop/Raffi/afterschool/hemsidor/ALNAHRAYN_Fisk_Iraqi_Fire_Edition/node_modules/typed-array-byte-length'
219 silly reify ]
220 silly reify mark retired [
220 silly reify   '/Users/raffimedz/Desktop/Raffi/afterschool/hemsidor/ALNAHRAYN_Fisk_Iraqi_Fire_Edition/node_modules/unbox-primitive'
220 silly reify ]
221 silly reify mark retired [
221 silly reify   '/Users/raffimedz/Desktop/Raffi/afterschool/hemsidor/ALNAHRAYN_Fisk_Iraqi_Fire_Edition/node_modules/unicode-trie'
221 silly reify ]
222 silly reify mark retired [
222 silly reify   '/Users/raffimedz/Desktop/Raffi/afterschool/hemsidor/ALNAHRAYN_Fisk_Iraqi_Fire_Edition/node_modules/unpic'
222 silly reify ]
223 silly reify mark retired [
223 silly reify   '/Users/raffimedz/Desktop/Raffi/afterschool/hemsidor/ALNAHRAYN_Fisk_Iraqi_Fire_Edition/node_modules/unrs-resolver'
223 silly reify ]
224 silly reify mark retired [
224 silly reify   '/Users/raffimedz/Desktop/Raffi/afterschool/hemsidor/ALNAHRAYN_Fisk_Iraqi_Fire_Edition/node_modules/typed-array-length'
224 silly reify ]
225 silly reify mark retired [
225 silly reify   '/Users/raffimedz/Desktop/Raffi/afterschool/hemsidor/ALNAHRAYN_Fisk_Iraqi_Fire_Edition/node_modules/update-browserslist-db',
225 silly reify   '/Users/raffimedz/Desktop/Raffi/afterschool/hemsidor/ALNAHRAYN_Fisk_Iraqi_Fire_Edition/node_modules/.bin/update-browserslist-db'
225 silly reify ]
226 silly reify mark retired [
226 silly reify   '/Users/raffimedz/Desktop/Raffi/afterschool/hemsidor/ALNAHRAYN_Fisk_Iraqi_Fire_Edition/node_modules/vite-plugin-commonjs'
226 silly reify ]
227 silly reify mark retired [
227 silly reify   '/Users/raffimedz/Desktop/Raffi/afterschool/hemsidor/ALNAHRAYN_Fisk_Iraqi_Fire_Edition/node_modules/vite-plugin-dynamic-import'
227 silly reify ]
228 silly reify mark retired [
228 silly reify   '/Users/raffimedz/Desktop/Raffi/afterschool/hemsidor/ALNAHRAYN_Fisk_Iraqi_Fire_Edition/node_modules/vite-tsconfig-paths'
228 silly reify ]
229 silly reify mark retired [
229 silly reify   '/Users/raffimedz/Desktop/Raffi/afterschool/hemsidor/ALNAHRAYN_Fisk_Iraqi_Fire_Edition/node_modules/watchpack'
229 silly reify ]
230 silly reify mark retired [
230 silly reify   '/Users/raffimedz/Desktop/Raffi/afterschool/hemsidor/ALNAHRAYN_Fisk_Iraqi_Fire_Edition/node_modules/vinext',
230 silly reify   '/Users/raffimedz/Desktop/Raffi/afterschool/hemsidor/ALNAHRAYN_Fisk_Iraqi_Fire_Edition/node_modules/.bin/vinext'
230 silly reify ]
231 silly reify mark retired [
231 silly reify   '/Users/raffimedz/Desktop/Raffi/afterschool/hemsidor/ALNAHRAYN_Fisk_Iraqi_Fire_Edition/node_modules/webpack',
231 silly reify   '/Users/raffimedz/Desktop/Raffi/afterschool/hemsidor/ALNAHRAYN_Fisk_Iraqi_Fire_Edition/node_modules/.bin/webpack'
231 silly reify ]
232 silly reify mark retired [
232 silly reify   '/Users/raffimedz/Desktop/Raffi/afterschool/hemsidor/ALNAHRAYN_Fisk_Iraqi_Fire_Edition/node_modules/web-vitals'
232 silly reify ]
233 silly reify mark retired [
233 silly reify   '/Users/raffimedz/Desktop/Raffi/afterschool/hemsidor/ALNAHRAYN_Fisk_Iraqi_Fire_Edition/node_modules/webpack-sources'
233 silly reify ]
234 silly reify mark retired [
234 silly reify   '/Users/raffimedz/Desktop/Raffi/afterschool/hemsidor/ALNAHRAYN_Fisk_Iraqi_Fire_Edition/node_modules/which-boxed-primitive'
234 silly reify ]
235 silly reify mark retired [
235 silly reify   '/Users/raffimedz/Desktop/Raffi/afterschool/hemsidor/ALNAHRAYN_Fisk_Iraqi_Fire_Edition/node_modules/which-builtin-type'
235 silly reify ]
236 silly reify mark retired [
236 silly reify   '/Users/raffimedz/Desktop/Raffi/afterschool/hemsidor/ALNAHRAYN_Fisk_Iraqi_Fire_Edition/node_modules/which-typed-array'
236 silly reify ]
237 silly reify mark retired [
237 silly reify   '/Users/raffimedz/Desktop/Raffi/afterschool/hemsidor/ALNAHRAYN_Fisk_Iraqi_Fire_Edition/node_modules/which-collection'
237 silly reify ]
238 silly reify mark retired [
238 silly reify   '/Users/raffimedz/Desktop/Raffi/afterschool/hemsidor/ALNAHRAYN_Fisk_Iraqi_Fire_Edition/node_modules/zod-validation-error'
238 silly reify ]
239 silly reify mark retired [
239 silly reify   '/Users/raffimedz/Desktop/Raffi/afterschool/hemsidor/ALNAHRAYN_Fisk_Iraqi_Fire_Edition/node_modules/yallist'
239 silly reify ]
240 silly reify mark retired [
240 silly reify   '/Users/raffimedz/Desktop/Raffi/afterschool/hemsidor/ALNAHRAYN_Fisk_Iraqi_Fire_Edition/node_modules/@babel/code-frame'
240 silly reify ]
241 silly reify mark retired [
241 silly reify   '/Users/raffimedz/Desktop/Raffi/afterschool/hemsidor/ALNAHRAYN_Fisk_Iraqi_Fire_Edition/node_modules/yoga-layout'
241 silly reify ]
242 silly reify mark retired [
242 silly reify   '/Users/raffimedz/Desktop/Raffi/afterschool/hemsidor/ALNAHRAYN_Fisk_Iraqi_Fire_Edition/node_modules/@babel/compat-data'
242 silly reify ]
243 silly reify mark retired [
243 silly reify   '/Users/raffimedz/Desktop/Raffi/afterschool/hemsidor/ALNAHRAYN_Fisk_Iraqi_Fire_Edition/node_modules/@babel/core'
243 silly reify ]
244 silly reify mark retired [
244 silly reify   '/Users/raffimedz/Desktop/Raffi/afterschool/hemsidor/ALNAHRAYN_Fisk_Iraqi_Fire_Edition/node_modules/@babel/generator'
244 silly reify ]
245 silly reify mark retired [
245 silly reify   '/Users/raffimedz/Desktop/Raffi/afterschool/hemsidor/ALNAHRAYN_Fisk_Iraqi_Fire_Edition/node_modules/@babel/helper-module-imports'
245 silly reify ]
246 silly reify mark retired [
246 silly reify   '/Users/raffimedz/Desktop/Raffi/afterschool/hemsidor/ALNAHRAYN_Fisk_Iraqi_Fire_Edition/node_modules/@babel/helper-validator-identifier'
246 silly reify ]
247 silly reify mark retired [
247 silly reify   '/Users/raffimedz/Desktop/Raffi/afterschool/hemsidor/ALNAHRAYN_Fisk_Iraqi_Fire_Edition/node_modules/@babel/helper-compilation-targets'
247 silly reify ]
248 silly reify mark retired [
248 silly reify   '/Users/raffimedz/Desktop/Raffi/afterschool/hemsidor/ALNAHRAYN_Fisk_Iraqi_Fire_Edition/node_modules/@babel/helper-string-parser'
248 silly reify ]
249 silly reify mark retired [
249 silly reify   '/Users/raffimedz/Desktop/Raffi/afterschool/hemsidor/ALNAHRAYN_Fisk_Iraqi_Fire_Edition/node_modules/@babel/helper-validator-option'
249 silly reify ]
250 silly reify mark retired [
250 silly reify   '/Users/raffimedz/Desktop/Raffi/afterschool/hemsidor/ALNAHRAYN_Fisk_Iraqi_Fire_Edition/node_modules/@babel/helper-module-transforms'
250 silly reify ]
251 silly reify mark retired [
251 silly reify   '/Users/raffimedz/Desktop/Raffi/afterschool/hemsidor/ALNAHRAYN_Fisk_Iraqi_Fire_Edition/node_modules/@babel/helpers'
251 silly reify ]
252 silly reify mark retired [
252 silly reify   '/Users/raffimedz/Desktop/Raffi/afterschool/hemsidor/ALNAHRAYN_Fisk_Iraqi_Fire_Edition/node_modules/@babel/parser',
252 silly reify   '/Users/raffimedz/Desktop/Raffi/afterschool/hemsidor/ALNAHRAYN_Fisk_Iraqi_Fire_Edition/node_modules/.bin/parser'
252 silly reify ]
253 silly reify mark retired [
253 silly reify   '/Users/raffimedz/Desktop/Raffi/afterschool/hemsidor/ALNAHRAYN_Fisk_Iraqi_Fire_Edition/node_modules/@babel/template'
253 silly reify ]
254 silly reify mark retired [
254 silly reify   '/Users/raffimedz/Desktop/Raffi/afterschool/hemsidor/ALNAHRAYN_Fisk_Iraqi_Fire_Edition/node_modules/@babel/traverse'
254 silly reify ]
255 silly reify mark retired [
255 silly reify   '/Users/raffimedz/Desktop/Raffi/afterschool/hemsidor/ALNAHRAYN_Fisk_Iraqi_Fire_Edition/node_modules/@babel/helper-globals'
255 silly reify ]
256 silly reify mark retired [
256 silly reify   '/Users/raffimedz/Desktop/Raffi/afterschool/hemsidor/ALNAHRAYN_Fisk_Iraqi_Fire_Edition/node_modules/@babel/types'
256 silly reify ]
257 silly reify mark retired [
257 silly reify   '/Users/raffimedz/Desktop/Raffi/afterschool/hemsidor/ALNAHRAYN_Fisk_Iraqi_Fire_Edition/node_modules/@emnapi/core'
257 silly reify ]
258 silly reify mark retired [
258 silly reify   '/Users/raffimedz/Desktop/Raffi/afterschool/hemsidor/ALNAHRAYN_Fisk_Iraqi_Fire_Edition/node_modules/@emnapi/wasi-threads'
258 silly reify ]
259 silly reify mark retired [
259 silly reify   '/Users/raffimedz/Desktop/Raffi/afterschool/hemsidor/ALNAHRAYN_Fisk_Iraqi_Fire_Edition/node_modules/@jridgewell/source-map'
259 silly reify ]
260 silly reify mark retired [
260 silly reify   '/Users/raffimedz/Desktop/Raffi/afterschool/hemsidor/ALNAHRAYN_Fisk_Iraqi_Fire_Edition/node_modules/@next/env'
260 silly reify ]
261 silly reify mark retired [
261 silly reify   '/Users/raffimedz/Desktop/Raffi/afterschool/hemsidor/ALNAHRAYN_Fisk_Iraqi_Fire_Edition/node_modules/@next/swc-darwin-arm64'
261 silly reify ]
262 silly reify mark retired [
262 silly reify   '/Users/raffimedz/Desktop/Raffi/afterschool/hemsidor/ALNAHRAYN_Fisk_Iraqi_Fire_Edition/node_modules/@nodelib/fs.walk'
262 silly reify ]
263 silly reify mark retired [
263 silly reify   '/Users/raffimedz/Desktop/Raffi/afterschool/hemsidor/ALNAHRAYN_Fisk_Iraqi_Fire_Edition/node_modules/@nodelib/fs.scandir'
263 silly reify ]
264 silly reify mark retired [
264 silly reify   '/Users/raffimedz/Desktop/Raffi/afterschool/hemsidor/ALNAHRAYN_Fisk_Iraqi_Fire_Edition/node_modules/@next/eslint-plugin-next'
264 silly reify ]
265 silly reify mark retired [
265 silly reify   '/Users/raffimedz/Desktop/Raffi/afterschool/hemsidor/ALNAHRAYN_Fisk_Iraqi_Fire_Edition/node_modules/@nodelib/fs.stat'
265 silly reify ]
266 silly reify mark retired [
266 silly reify   '/Users/raffimedz/Desktop/Raffi/afterschool/hemsidor/ALNAHRAYN_Fisk_Iraqi_Fire_Edition/node_modules/@nolyfill/is-core-module'
266 silly reify ]
267 silly reify mark retired [
267 silly reify   '/Users/raffimedz/Desktop/Raffi/afterschool/hemsidor/ALNAHRAYN_Fisk_Iraqi_Fire_Edition/node_modules/@rtsao/scc'
267 silly reify ]
268 silly reify mark retired [
268 silly reify   '/Users/raffimedz/Desktop/Raffi/afterschool/hemsidor/ALNAHRAYN_Fisk_Iraqi_Fire_Edition/node_modules/@shuding/opentype.js',
268 silly reify   '/Users/raffimedz/Desktop/Raffi/afterschool/hemsidor/ALNAHRAYN_Fisk_Iraqi_Fire_Edition/node_modules/.bin/ot'
268 silly reify ]
269 silly reify mark retired [
269 silly reify   '/Users/raffimedz/Desktop/Raffi/afterschool/hemsidor/ALNAHRAYN_Fisk_Iraqi_Fire_Edition/node_modules/@resvg/resvg-wasm'
269 silly reify ]
270 silly reify mark retired [
270 silly reify   '/Users/raffimedz/Desktop/Raffi/afterschool/hemsidor/ALNAHRAYN_Fisk_Iraqi_Fire_Edition/node_modules/@swc/helpers'
270 silly reify ]
271 silly reify mark retired [
271 silly reify   '/Users/raffimedz/Desktop/Raffi/afterschool/hemsidor/ALNAHRAYN_Fisk_Iraqi_Fire_Edition/node_modules/@tybys/wasm-util'
271 silly reify ]
272 silly reify mark retired [
272 silly reify   '/Users/raffimedz/Desktop/Raffi/afterschool/hemsidor/ALNAHRAYN_Fisk_Iraqi_Fire_Edition/node_modules/@types/eslint'
272 silly reify ]
273 silly reify mark retired [
273 silly reify   '/Users/raffimedz/Desktop/Raffi/afterschool/hemsidor/ALNAHRAYN_Fisk_Iraqi_Fire_Edition/node_modules/@types/json5'
273 silly reify ]
274 silly reify mark retired [
274 silly reify   '/Users/raffimedz/Desktop/Raffi/afterschool/hemsidor/ALNAHRAYN_Fisk_Iraqi_Fire_Edition/node_modules/@typescript-eslint/project-service'
274 silly reify ]
275 silly reify mark retired [
275 silly reify   '/Users/raffimedz/Desktop/Raffi/afterschool/hemsidor/ALNAHRAYN_Fisk_Iraqi_Fire_Edition/node_modules/@typescript-eslint/parser'
275 silly reify ]
276 silly reify mark retired [
276 silly reify   '/Users/raffimedz/Desktop/Raffi/afterschool/hemsidor/ALNAHRAYN_Fisk_Iraqi_Fire_Edition/node_modules/@typescript-eslint/eslint-plugin'
276 silly reify ]
277 silly reify mark retired [
277 silly reify   '/Users/raffimedz/Desktop/Raffi/afterschool/hemsidor/ALNAHRAYN_Fisk_Iraqi_Fire_Edition/node_modules/@typescript-eslint/tsconfig-utils'
277 silly reify ]
278 silly reify mark retired [
278 silly reify   '/Users/raffimedz/Desktop/Raffi/afterschool/hemsidor/ALNAHRAYN_Fisk_Iraqi_Fire_Edition/node_modules/@types/eslint-scope'
278 silly reify ]
279 silly reify mark retired [
279 silly reify   '/Users/raffimedz/Desktop/Raffi/afterschool/hemsidor/ALNAHRAYN_Fisk_Iraqi_Fire_Edition/node_modules/@typescript-eslint/type-utils'
279 silly reify ]
280 silly reify mark retired [
280 silly reify   '/Users/raffimedz/Desktop/Raffi/afterschool/hemsidor/ALNAHRAYN_Fisk_Iraqi_Fire_Edition/node_modules/@typescript-eslint/utils'
280 silly reify ]
281 silly reify mark retired [
281 silly reify   '/Users/raffimedz/Desktop/Raffi/afterschool/hemsidor/ALNAHRAYN_Fisk_Iraqi_Fire_Edition/node_modules/@typescript-eslint/typescript-estree'
281 silly reify ]
282 silly reify mark retired [
282 silly reify   '/Users/raffimedz/Desktop/Raffi/afterschool/hemsidor/ALNAHRAYN_Fisk_Iraqi_Fire_Edition/node_modules/@typescript-eslint/visitor-keys'
282 silly reify ]
283 silly reify mark retired [
283 silly reify   '/Users/raffimedz/Desktop/Raffi/afterschool/hemsidor/ALNAHRAYN_Fisk_Iraqi_Fire_Edition/node_modules/@typescript-eslint/types'
283 silly reify ]
284 silly reify mark retired [
284 silly reify   '/Users/raffimedz/Desktop/Raffi/afterschool/hemsidor/ALNAHRAYN_Fisk_Iraqi_Fire_Edition/node_modules/@unpic/core'
284 silly reify ]
285 silly reify mark retired [
285 silly reify   '/Users/raffimedz/Desktop/Raffi/afterschool/hemsidor/ALNAHRAYN_Fisk_Iraqi_Fire_Edition/node_modules/@unpic/react'
285 silly reify ]
286 silly reify mark retired [
286 silly reify   '/Users/raffimedz/Desktop/Raffi/afterschool/hemsidor/ALNAHRAYN_Fisk_Iraqi_Fire_Edition/node_modules/@webassemblyjs/ast'
286 silly reify ]
287 silly reify mark retired [
287 silly reify   '/Users/raffimedz/Desktop/Raffi/afterschool/hemsidor/ALNAHRAYN_Fisk_Iraqi_Fire_Edition/node_modules/@unrs/resolver-binding-darwin-arm64'
287 silly reify ]
288 silly reify mark retired [
288 silly reify   '/Users/raffimedz/Desktop/Raffi/afterschool/hemsidor/ALNAHRAYN_Fisk_Iraqi_Fire_Edition/node_modules/@vercel/og'
288 silly reify ]
289 silly reify mark retired [
289 silly reify   '/Users/raffimedz/Desktop/Raffi/afterschool/hemsidor/ALNAHRAYN_Fisk_Iraqi_Fire_Edition/node_modules/@webassemblyjs/helper-api-error'
289 silly reify ]
290 silly reify mark retired [
290 silly reify   '/Users/raffimedz/Desktop/Raffi/afterschool/hemsidor/ALNAHRAYN_Fisk_Iraqi_Fire_Edition/node_modules/@webassemblyjs/helper-buffer'
290 silly reify ]
291 silly reify mark retired [
291 silly reify   '/Users/raffimedz/Desktop/Raffi/afterschool/hemsidor/ALNAHRAYN_Fisk_Iraqi_Fire_Edition/node_modules/@typescript-eslint/scope-manager'
291 silly reify ]
292 silly reify mark retired [
292 silly reify   '/Users/raffimedz/Desktop/Raffi/afterschool/hemsidor/ALNAHRAYN_Fisk_Iraqi_Fire_Edition/node_modules/@webassemblyjs/ieee754'
292 silly reify ]
293 silly reify mark retired [
293 silly reify   '/Users/raffimedz/Desktop/Raffi/afterschool/hemsidor/ALNAHRAYN_Fisk_Iraqi_Fire_Edition/node_modules/@webassemblyjs/floating-point-hex-parser'
293 silly reify ]
294 silly reify mark retired [
294 silly reify   '/Users/raffimedz/Desktop/Raffi/afterschool/hemsidor/ALNAHRAYN_Fisk_Iraqi_Fire_Edition/node_modules/@webassemblyjs/leb128'
294 silly reify ]
295 silly reify mark retired [
295 silly reify   '/Users/raffimedz/Desktop/Raffi/afterschool/hemsidor/ALNAHRAYN_Fisk_Iraqi_Fire_Edition/node_modules/@webassemblyjs/wasm-edit'
295 silly reify ]
296 silly reify mark retired [
296 silly reify   '/Users/raffimedz/Desktop/Raffi/afterschool/hemsidor/ALNAHRAYN_Fisk_Iraqi_Fire_Edition/node_modules/@webassemblyjs/helper-wasm-section'
296 silly reify ]
297 silly reify mark retired [
297 silly reify   '/Users/raffimedz/Desktop/Raffi/afterschool/hemsidor/ALNAHRAYN_Fisk_Iraqi_Fire_Edition/node_modules/@webassemblyjs/utf8'
297 silly reify ]
298 silly reify mark retired [
298 silly reify   '/Users/raffimedz/Desktop/Raffi/afterschool/hemsidor/ALNAHRAYN_Fisk_Iraqi_Fire_Edition/node_modules/@webassemblyjs/helper-numbers'
298 silly reify ]
299 silly reify mark retired [
299 silly reify   '/Users/raffimedz/Desktop/Raffi/afterschool/hemsidor/ALNAHRAYN_Fisk_Iraqi_Fire_Edition/node_modules/@webassemblyjs/helper-wasm-bytecode'
299 silly reify ]
300 silly reify mark retired [
300 silly reify   '/Users/raffimedz/Desktop/Raffi/afterschool/hemsidor/ALNAHRAYN_Fisk_Iraqi_Fire_Edition/node_modules/@webassemblyjs/wasm-opt'
300 silly reify ]
301 silly reify mark retired [
301 silly reify   '/Users/raffimedz/Desktop/Raffi/afterschool/hemsidor/ALNAHRAYN_Fisk_Iraqi_Fire_Edition/node_modules/@webassemblyjs/wasm-parser'
301 silly reify ]
302 silly reify mark retired [
302 silly reify   '/Users/raffimedz/Desktop/Raffi/afterschool/hemsidor/ALNAHRAYN_Fisk_Iraqi_Fire_Edition/node_modules/@webassemblyjs/wast-printer'
302 silly reify ]
303 silly reify mark retired [
303 silly reify   '/Users/raffimedz/Desktop/Raffi/afterschool/hemsidor/ALNAHRAYN_Fisk_Iraqi_Fire_Edition/node_modules/@webassemblyjs/wasm-gen'
303 silly reify ]
304 silly reify mark retired [
304 silly reify   '/Users/raffimedz/Desktop/Raffi/afterschool/hemsidor/ALNAHRAYN_Fisk_Iraqi_Fire_Edition/node_modules/@xtuc/long'
304 silly reify ]
305 silly reify mark retired [
305 silly reify   '/Users/raffimedz/Desktop/Raffi/afterschool/hemsidor/ALNAHRAYN_Fisk_Iraqi_Fire_Edition/node_modules/@xtuc/ieee754'
305 silly reify ]
306 silly reify moves {
306 silly reify   '/Users/raffimedz/Desktop/Raffi/afterschool/hemsidor/ALNAHRAYN_Fisk_Iraqi_Fire_Edition/node_modules/acorn-import-phases': '/Users/raffimedz/Desktop/Raffi/afterschool/hemsidor/ALNAHRAYN_Fisk_Iraqi_Fire_Edition/node_modules/.acorn-import-phases-7jLK1V9M',
306 silly reify   '/Users/raffimedz/Desktop/Raffi/afterschool/hemsidor/ALNAHRAYN_Fisk_Iraqi_Fire_Edition/node_modules/ajv-formats': '/Users/raffimedz/Desktop/Raffi/afterschool/hemsidor/ALNAHRAYN_Fisk_Iraqi_Fire_Edition/node_modules/.ajv-formats-G58NdWCM',
306 silly reify   '/Users/raffimedz/Desktop/Raffi/afterschool/hemsidor/ALNAHRAYN_Fisk_Iraqi_Fire_Edition/node_modules/ajv': '/Users/raffimedz/Desktop/Raffi/afterschool/hemsidor/ALNAHRAYN_Fisk_Iraqi_Fire_Edition/node_modules/.ajv-UJptA9k7',
306 silly reify   '/Users/raffimedz/Desktop/Raffi/afterschool/hemsidor/ALNAHRAYN_Fisk_Iraqi_Fire_Edition/node_modules/array-buffer-byte-length': '/Users/raffimedz/Desktop/Raffi/afterschool/hemsidor/ALNAHRAYN_Fisk_Iraqi_Fire_Edition/node_modules/.array-buffer-byte-length-uTERsGg0',
306 silly reify   '/Users/raffimedz/Desktop/Raffi/afterschool/hemsidor/ALNAHRAYN_Fisk_Iraqi_Fire_Edition/node_modules/acorn-loose': '/Users/raffimedz/Desktop/Raffi/afterschool/hemsidor/ALNAHRAYN_Fisk_Iraqi_Fire_Edition/node_modules/.acorn-loose-Y3mA3Lbm',
306 silly reify   '/Users/raffimedz/Desktop/Raffi/afterschool/hemsidor/ALNAHRAYN_Fisk_Iraqi_Fire_Edition/node_modules/array.prototype.flatmap': '/Users/raffimedz/Desktop/Raffi/afterschool/hemsidor/ALNAHRAYN_Fisk_Iraqi_Fire_Edition/node_modules/.array.prototype.flatmap-KnCCzfOk',
306 silly reify   '/Users/raffimedz/Desktop/Raffi/afterschool/hemsidor/ALNAHRAYN_Fisk_Iraqi_Fire_Edition/node_modules/aria-query': '/Users/raffimedz/Desktop/Raffi/afterschool/hemsidor/ALNAHRAYN_Fisk_Iraqi_Fire_Edition/node_modules/.aria-query-1khXMRMS',
306 silly reify   '/Users/raffimedz/Desktop/Raffi/afterschool/hemsidor/ALNAHRAYN_Fisk_Iraqi_Fire_Edition/node_modules/array.prototype.flat': '/Users/raffimedz/Desktop/Raffi/afterschool/hemsidor/ALNAHRAYN_Fisk_Iraqi_Fire_Edition/node_modules/.array.prototype.flat-CHbAscT0',
306 silly reify   '/Users/raffimedz/Desktop/Raffi/afterschool/hemsidor/ALNAHRAYN_Fisk_Iraqi_Fire_Edition/node_modules/array.prototype.findlast': '/Users/raffimedz/Desktop/Raffi/afterschool/hemsidor/ALNAHRAYN_Fisk_Iraqi_Fire_Edition/node_modules/.array.prototype.findlast-IEC5IU9E',
306 silly reify   '/Users/raffimedz/Desktop/Raffi/afterschool/hemsidor/ALNAHRAYN_Fisk_Iraqi_Fire_Edition/node_modules/array.prototype.findlastindex': '/Users/raffimedz/Desktop/Raffi/afterschool/hemsidor/ALNAHRAYN_Fisk_Iraqi_Fire_Edition/node_modules/.array.prototype.findlastindex-94y2PvAs',
306 silly reify   '/Users/raffimedz/Desktop/Raffi/afterschool/hemsidor/ALNAHRAYN_Fisk_Iraqi_Fire_Edition/node_modules/array.prototype.tosorted': '/Users/raffimedz/Desktop/Raffi/afterschool/hemsidor/ALNAHRAYN_Fisk_Iraqi_Fire_Edition/node_modules/.array.prototype.tosorted-HIoKRdm7',
306 silly reify   '/Users/raffimedz/Desktop/Raffi/afterschool/hemsidor/ALNAHRAYN_Fisk_Iraqi_Fire_Edition/node_modules/ast-types-flow': '/Users/raffimedz/Desktop/Raffi/afterschool/hemsidor/ALNAHRAYN_Fisk_Iraqi_Fire_Edition/node_modules/.ast-types-flow-aZn2EJY1',
306 silly reify   '/Users/raffimedz/Desktop/Raffi/afterschool/hemsidor/ALNAHRAYN_Fisk_Iraqi_Fire_Edition/node_modules/async-function': '/Users/raffimedz/Desktop/Raffi/afterschool/hemsidor/ALNAHRAYN_Fisk_Iraqi_Fire_Edition/node_modules/.async-function-eaCYw2O9',
306 silly reify   '/Users/raffimedz/Desktop/Raffi/afterschool/hemsidor/ALNAHRAYN_Fisk_Iraqi_Fire_Edition/node_modules/available-typed-arrays': '/Users/raffimedz/Desktop/Raffi/afterschool/hemsidor/ALNAHRAYN_Fisk_Iraqi_Fire_Edition/node_modules/.available-typed-arrays-AnvytRCS',
306 silly reify   '/Users/raffimedz/Desktop/Raffi/afterschool/hemsidor/ALNAHRAYN_Fisk_Iraqi_Fire_Edition/node_modules/axe-core': '/Users/raffimedz/Desktop/Raffi/afterschool/hemsidor/ALNAHRAYN_Fisk_Iraqi_Fire_Edition/node_modules/.axe-core-frThZMiC',
306 silly reify   '/Users/raffimedz/Desktop/Raffi/afterschool/hemsidor/ALNAHRAYN_Fisk_Iraqi_Fire_Edition/node_modules/axobject-query': '/Users/raffimedz/Desktop/Raffi/afterschool/hemsidor/ALNAHRAYN_Fisk_Iraqi_Fire_Edition/node_modules/.axobject-query-8aGFiE7w',
306 silly reify   '/Users/raffimedz/Desktop/Raffi/afterschool/hemsidor/ALNAHRAYN_Fisk_Iraqi_Fire_Edition/node_modules/arraybuffer.prototype.slice': '/Users/raffimedz/Desktop/Raffi/afterschool/hemsidor/ALNAHRAYN_Fisk_Iraqi_Fire_Edition/node_modules/.arraybuffer.prototype.slice-mCrC2TQq',
306 silly reify   '/Users/raffimedz/Desktop/Raffi/afterschool/hemsidor/ALNAHRAYN_Fisk_Iraqi_Fire_Edition/node_modules/base64-js': '/Users/raffimedz/Desktop/Raffi/afterschool/hemsidor/ALNAHRAYN_Fisk_Iraqi_Fire_Edition/node_modules/.base64-js-0fB2S72I',
306 silly reify   '/Users/raffimedz/Desktop/Raffi/afterschool/hemsidor/ALNAHRAYN_Fisk_Iraqi_Fire_Edition/node_modules/array-includes': '/Users/raffimedz/Desktop/Raffi/afterschool/hemsidor/ALNAHRAYN_Fisk_Iraqi_Fire_Edition/node_modules/.array-includes-2XYlcZwF',
306 silly reify   '/Users/raffimedz/Desktop/Raffi/afterschool/hemsidor/ALNAHRAYN_Fisk_Iraqi_Fire_Edition/node_modules/call-bind': '/Users/raffimedz/Desktop/Raffi/afterschool/hemsidor/ALNAHRAYN_Fisk_Iraqi_Fire_Edition/node_modules/.call-bind-Ovp0K6U5',
306 silly reify   '/Users/raffimedz/Desktop/Raffi/afterschool/hemsidor/ALNAHRAYN_Fisk_Iraqi_Fire_Edition/node_modules/baseline-browser-mapping': '/Users/raffimedz/Desktop/Raffi/afterschool/hemsidor/ALNAHRAYN_Fisk_Iraqi_Fire_Edition/node_modules/.baseline-browser-mapping-rc0VQ57h',
306 silly reify   '/Users/raffimedz/Desktop/Raffi/afterschool/hemsidor/ALNAHRAYN_Fisk_Iraqi_Fire_Edition/node_modules/.bin/baseline-browser-mapping': '/Users/raffimedz/Desktop/Raffi/afterschool/hemsidor/ALNAHRAYN_Fisk_Iraqi_Fire_Edition/node_modules/.bin/.baseline-browser-mapping-s7tgqHei',
306 silly reify   '/Users/raffimedz/Desktop/Raffi/afterschool/hemsidor/ALNAHRAYN_Fisk_Iraqi_Fire_Edition/node_modules/braces': '/Users/raffimedz/Desktop/Raffi/afterschool/hemsidor/ALNAHRAYN_Fisk_Iraqi_Fire_Edition/node_modules/.braces-hG7KNrok',
306 silly reify   '/Users/raffimedz/Desktop/Raffi/afterschool/hemsidor/ALNAHRAYN_Fisk_Iraqi_Fire_Edition/node_modules/call-bound': '/Users/raffimedz/Desktop/Raffi/afterschool/hemsidor/ALNAHRAYN_Fisk_Iraqi_Fire_Edition/node_modules/.call-bound-xZomWKkQ',
306 silly reify   '/Users/raffimedz/Desktop/Raffi/afterschool/hemsidor/ALNAHRAYN_Fisk_Iraqi_Fire_Edition/node_modules/camelize': '/Users/raffimedz/Desktop/Raffi/afterschool/hemsidor/ALNAHRAYN_Fisk_Iraqi_Fire_Edition/node_modules/.camelize-Pes4UL2o',
306 silly reify   '/Users/raffimedz/Desktop/Raffi/afterschool/hemsidor/ALNAHRAYN_Fisk_Iraqi_Fire_Edition/node_modules/call-bind-apply-helpers': '/Users/raffimedz/Desktop/Raffi/afterschool/hemsidor/ALNAHRAYN_Fisk_Iraqi_Fire_Edition/node_modules/.call-bind-apply-helpers-1HeB4v3y',
306 silly reify   '/Users/raffimedz/Desktop/Raffi/afterschool/hemsidor/ALNAHRAYN_Fisk_Iraqi_Fire_Edition/node_modules/caniuse-lite': '/Users/raffimedz/Desktop/Raffi/afterschool/hemsidor/ALNAHRAYN_Fisk_Iraqi_Fire_Edition/node_modules/.caniuse-lite-VrPr7psR',
306 silly reify   '/Users/raffimedz/Desktop/Raffi/afterschool/hemsidor/ALNAHRAYN_Fisk_Iraqi_Fire_Edition/node_modules/chrome-trace-event': '/Users/raffimedz/Desktop/Raffi/afterschool/hemsidor/ALNAHRAYN_Fisk_Iraqi_Fire_Edition/node_modules/.chrome-trace-event-MfYSzrFW',
306 silly reify   '/Users/raffimedz/Desktop/Raffi/afterschool/hemsidor/ALNAHRAYN_Fisk_Iraqi_Fire_Edition/node_modules/browserslist': '/Users/raffimedz/Desktop/Raffi/afterschool/hemsidor/ALNAHRAYN_Fisk_Iraqi_Fire_Edition/node_modules/.browserslist-m3xGoJHG',
306 silly reify   '/Users/raffimedz/Desktop/Raffi/afterschool/hemsidor/ALNAHRAYN_Fisk_Iraqi_Fire_Edition/node_modules/.bin/browserslist': '/Users/raffimedz/Desktop/Raffi/afterschool/hemsidor/ALNAHRAYN_Fisk_Iraqi_Fire_Edition/node_modules/.bin/.browserslist-mFpRWYlD',
306 silly reify   '/Users/raffimedz/Desktop/Raffi/afterschool/hemsidor/ALNAHRAYN_Fisk_Iraqi_Fire_Edition/node_modules/client-only': '/Users/raffimedz/Desktop/Raffi/afterschool/hemsidor/ALNAHRAYN_Fisk_Iraqi_Fire_Edition/node_modules/.client-only-0X3qjgEf',
306 silly reify   '/Users/raffimedz/Desktop/Raffi/afterschool/hemsidor/ALNAHRAYN_Fisk_Iraqi_Fire_Edition/node_modules/commander': '/Users/raffimedz/Desktop/Raffi/afterschool/hemsidor/ALNAHRAYN_Fisk_Iraqi_Fire_Edition/node_modules/.commander-davbIQzR',
306 silly reify   '/Users/raffimedz/Desktop/Raffi/afterschool/hemsidor/ALNAHRAYN_Fisk_Iraqi_Fire_Edition/node_modules/css-background-parser': '/Users/raffimedz/Desktop/Raffi/afterschool/hemsidor/ALNAHRAYN_Fisk_Iraqi_Fire_Edition/node_modules/.css-background-parser-ZJWO86Jq',
306 silly reify   '/Users/raffimedz/Desktop/Raffi/afterschool/hemsidor/ALNAHRAYN_Fisk_Iraqi_Fire_Edition/node_modules/convert-source-map': '/Users/raffimedz/Desktop/Raffi/afterschool/hemsidor/ALNAHRAYN_Fisk_Iraqi_Fire_Edition/node_modules/.convert-source-map-r6xipYT1',
306 silly reify   '/Users/raffimedz/Desktop/Raffi/afterschool/hemsidor/ALNAHRAYN_Fisk_Iraqi_Fire_Edition/node_modules/css-box-shadow': '/Users/raffimedz/Desktop/Raffi/afterschool/hemsidor/ALNAHRAYN_Fisk_Iraqi_Fire_Edition/node_modules/.css-box-shadow-Nv4CMriT',
306 silly reify   '/Users/raffimedz/Desktop/Raffi/afterschool/hemsidor/ALNAHRAYN_Fisk_Iraqi_Fire_Edition/node_modules/css-color-keywords': '/Users/raffimedz/Desktop/Raffi/afterschool/hemsidor/ALNAHRAYN_Fisk_Iraqi_Fire_Edition/node_modules/.css-color-keywords-J7b5R1zm',
306 silly reify   '/Users/raffimedz/Desktop/Raffi/afterschool/hemsidor/ALNAHRAYN_Fisk_Iraqi_Fire_Edition/node_modules/css-gradient-parser': '/Users/raffimedz/Desktop/Raffi/afterschool/hemsidor/ALNAHRAYN_Fisk_Iraqi_Fire_Edition/node_modules/.css-gradient-parser-1aTAq3zo',
306 silly reify   '/Users/raffimedz/Desktop/Raffi/afterschool/hemsidor/ALNAHRAYN_Fisk_Iraqi_Fire_Edition/node_modules/css-to-react-native': '/Users/raffimedz/Desktop/Raffi/afterschool/hemsidor/ALNAHRAYN_Fisk_Iraqi_Fire_Edition/node_modules/.css-to-react-native-Ktlps0f5',
306 silly reify   '/Users/raffimedz/Desktop/Raffi/afterschool/hemsidor/ALNAHRAYN_Fisk_Iraqi_Fire_Edition/node_modules/data-view-byte-length': '/Users/raffimedz/Desktop/Raffi/afterschool/hemsidor/ALNAHRAYN_Fisk_Iraqi_Fire_Edition/node_modules/.data-view-byte-length-7ahhw8p1',
306 silly reify   '/Users/raffimedz/Desktop/Raffi/afterschool/hemsidor/ALNAHRAYN_Fisk_Iraqi_Fire_Edition/node_modules/damerau-levenshtein': '/Users/raffimedz/Desktop/Raffi/afterschool/hemsidor/ALNAHRAYN_Fisk_Iraqi_Fire_Edition/node_modules/.damerau-levenshtein-hnQKHZwt',
306 silly reify   '/Users/raffimedz/Desktop/Raffi/afterschool/hemsidor/ALNAHRAYN_Fisk_Iraqi_Fire_Edition/node_modules/define-data-property': '/Users/raffimedz/Desktop/Raffi/afterschool/hemsidor/ALNAHRAYN_Fisk_Iraqi_Fire_Edition/node_modules/.define-data-property-lbh6J2rN',
306 silly reify   '/Users/raffimedz/Desktop/Raffi/afterschool/hemsidor/ALNAHRAYN_Fisk_Iraqi_Fire_Edition/node_modules/data-view-buffer': '/Users/raffimedz/Desktop/Raffi/afterschool/hemsidor/ALNAHRAYN_Fisk_Iraqi_Fire_Edition/node_modules/.data-view-buffer-YCMbOx3W',
306 silly reify   '/Users/raffimedz/Desktop/Raffi/afterschool/hemsidor/ALNAHRAYN_Fisk_Iraqi_Fire_Edition/node_modules/data-view-byte-offset': '/Users/raffimedz/Desktop/Raffi/afterschool/hemsidor/ALNAHRAYN_Fisk_Iraqi_Fire_Edition/node_modules/.data-view-byte-offset-rHhetTkw',
306 silly reify   '/Users/raffimedz/Desktop/Raffi/afterschool/hemsidor/ALNAHRAYN_Fisk_Iraqi_Fire_Edition/node_modules/doctrine': '/Users/raffimedz/Desktop/Raffi/afterschool/hemsidor/ALNAHRAYN_Fisk_Iraqi_Fire_Edition/node_modules/.doctrine-vFA7k7Yi',
306 silly reify   '/Users/raffimedz/Desktop/Raffi/afterschool/hemsidor/ALNAHRAYN_Fisk_Iraqi_Fire_Edition/node_modules/define-properties': '/Users/raffimedz/Desktop/Raffi/afterschool/hemsidor/ALNAHRAYN_Fisk_Iraqi_Fire_Edition/node_modules/.define-properties-YxWpWVKF',
306 silly reify   '/Users/raffimedz/Desktop/Raffi/afterschool/hemsidor/ALNAHRAYN_Fisk_Iraqi_Fire_Edition/node_modules/dunder-proto': '/Users/raffimedz/Desktop/Raffi/afterschool/hemsidor/ALNAHRAYN_Fisk_Iraqi_Fire_Edition/node_modules/.dunder-proto-cLzylTYW',
306 silly reify   '/Users/raffimedz/Desktop/Raffi/afterschool/hemsidor/ALNAHRAYN_Fisk_Iraqi_Fire_Edition/node_modules/electron-to-chromium': '/Users/raffimedz/Desktop/Raffi/afterschool/hemsidor/ALNAHRAYN_Fisk_Iraqi_Fire_Edition/node_modules/.electron-to-chromium-3xKWjPu6',
306 silly reify   '/Users/raffimedz/Desktop/Raffi/afterschool/hemsidor/ALNAHRAYN_Fisk_Iraqi_Fire_Edition/node_modules/emoji-regex-xs': '/Users/raffimedz/Desktop/Raffi/afterschool/hemsidor/ALNAHRAYN_Fisk_Iraqi_Fire_Edition/node_modules/.emoji-regex-xs-yYUM8KVV',
306 silly reify   '/Users/raffimedz/Desktop/Raffi/afterschool/hemsidor/ALNAHRAYN_Fisk_Iraqi_Fire_Edition/node_modules/es-object-atoms': '/Users/raffimedz/Desktop/Raffi/afterschool/hemsidor/ALNAHRAYN_Fisk_Iraqi_Fire_Edition/node_modules/.es-object-atoms-zBrJV8r4',
306 silly reify   '/Users/raffimedz/Desktop/Raffi/afterschool/hemsidor/ALNAHRAYN_Fisk_Iraqi_Fire_Edition/node_modules/es-iterator-helpers': '/Users/raffimedz/Desktop/Raffi/afterschool/hemsidor/ALNAHRAYN_Fisk_Iraqi_Fire_Edition/node_modules/.es-iterator-helpers-6ChoYQcz',
306 silly reify   '/Users/raffimedz/Desktop/Raffi/afterschool/hemsidor/ALNAHRAYN_Fisk_Iraqi_Fire_Edition/node_modules/es-abstract': '/Users/raffimedz/Desktop/Raffi/afterschool/hemsidor/ALNAHRAYN_Fisk_Iraqi_Fire_Edition/node_modules/.es-abstract-7ljrhUTS',
306 silly reify   '/Users/raffimedz/Desktop/Raffi/afterschool/hemsidor/ALNAHRAYN_Fisk_Iraqi_Fire_Edition/node_modules/es-errors': '/Users/raffimedz/Desktop/Raffi/afterschool/hemsidor/ALNAHRAYN_Fisk_Iraqi_Fire_Edition/node_modules/.es-errors-3G9W4YR9',
306 silly reify   '/Users/raffimedz/Desktop/Raffi/afterschool/hemsidor/ALNAHRAYN_Fisk_Iraqi_Fire_Edition/node_modules/es-define-property': '/Users/raffimedz/Desktop/Raffi/afterschool/hemsidor/ALNAHRAYN_Fisk_Iraqi_Fire_Edition/node_modules/.es-define-property-SryaWEyd',
306 silly reify   '/Users/raffimedz/Desktop/Raffi/afterschool/hemsidor/ALNAHRAYN_Fisk_Iraqi_Fire_Edition/node_modules/es-shim-unscopables': '/Users/raffimedz/Desktop/Raffi/afterschool/hemsidor/ALNAHRAYN_Fisk_Iraqi_Fire_Edition/node_modules/.es-shim-unscopables-oIkPdW1E',
306 silly reify   '/Users/raffimedz/Desktop/Raffi/afterschool/hemsidor/ALNAHRAYN_Fisk_Iraqi_Fire_Edition/node_modules/escalade': '/Users/raffimedz/Desktop/Raffi/afterschool/hemsidor/ALNAHRAYN_Fisk_Iraqi_Fire_Edition/node_modules/.escalade-0t59IUA0',
306 silly reify   '/Users/raffimedz/Desktop/Raffi/afterschool/hemsidor/ALNAHRAYN_Fisk_Iraqi_Fire_Edition/node_modules/emoji-regex': '/Users/raffimedz/Desktop/Raffi/afterschool/hemsidor/ALNAHRAYN_Fisk_Iraqi_Fire_Edition/node_modules/.emoji-regex-wFoNNiPn',
306 silly reify   '/Users/raffimedz/Desktop/Raffi/afterschool/hemsidor/ALNAHRAYN_Fisk_Iraqi_Fire_Edition/node_modules/es-to-primitive': '/Users/raffimedz/Desktop/Raffi/afterschool/hemsidor/ALNAHRAYN_Fisk_Iraqi_Fire_Edition/node_modules/.es-to-primitive-mYA0ua33',
306 silly reify   '/Users/raffimedz/Desktop/Raffi/afterschool/hemsidor/ALNAHRAYN_Fisk_Iraqi_Fire_Edition/node_modules/escape-html': '/Users/raffimedz/Desktop/Raffi/afterschool/hemsidor/ALNAHRAYN_Fisk_Iraqi_Fire_Edition/node_modules/.escape-html-rAvXn3H3',
306 silly reify   '/Users/raffimedz/Desktop/Raffi/afterschool/hemsidor/ALNAHRAYN_Fisk_Iraqi_Fire_Edition/node_modules/es-set-tostringtag': '/Users/raffimedz/Desktop/Raffi/afterschool/hemsidor/ALNAHRAYN_Fisk_Iraqi_Fire_Edition/node_modules/.es-set-tostringtag-YLLu6azz',
306 silly reify   '/Users/raffimedz/Desktop/Raffi/afterschool/hemsidor/ALNAHRAYN_Fisk_Iraqi_Fire_Edition/node_modules/eslint-config-next': '/Users/raffimedz/Desktop/Raffi/afterschool/hemsidor/ALNAHRAYN_Fisk_Iraqi_Fire_Edition/node_modules/.eslint-config-next-iIcwEUOM',
306 silly reify   '/Users/raffimedz/Desktop/Raffi/afterschool/hemsidor/ALNAHRAYN_Fisk_Iraqi_Fire_Edition/node_modules/eslint-import-resolver-node': '/Users/raffimedz/Desktop/Raffi/afterschool/hemsidor/ALNAHRAYN_Fisk_Iraqi_Fire_Edition/node_modules/.eslint-import-resolver-node-OLxgVkwY',
306 silly reify   '/Users/raffimedz/Desktop/Raffi/afterschool/hemsidor/ALNAHRAYN_Fisk_Iraqi_Fire_Edition/node_modules/eslint-import-resolver-typescript': '/Users/raffimedz/Desktop/Raffi/afterschool/hemsidor/ALNAHRAYN_Fisk_Iraqi_Fire_Edition/node_modules/.eslint-import-resolver-typescript-Eajukshp',
306 silly reify   '/Users/raffimedz/Desktop/Raffi/afterschool/hemsidor/ALNAHRAYN_Fisk_Iraqi_Fire_Edition/node_modules/eslint-plugin-import': '/Users/raffimedz/Desktop/Raffi/afterschool/hemsidor/ALNAHRAYN_Fisk_Iraqi_Fire_Edition/node_modules/.eslint-plugin-import-oOBEjOOQ',
306 silly reify   '/Users/raffimedz/Desktop/Raffi/afterschool/hemsidor/ALNAHRAYN_Fisk_Iraqi_Fire_Edition/node_modules/eslint-module-utils': '/Users/raffimedz/Desktop/Raffi/afterschool/hemsidor/ALNAHRAYN_Fisk_Iraqi_Fire_Edition/node_modules/.eslint-module-utils-5uoxO1ZX',
306 silly reify   '/Users/raffimedz/Desktop/Raffi/afterschool/hemsidor/ALNAHRAYN_Fisk_Iraqi_Fire_Edition/node_modules/eslint-plugin-react': '/Users/raffimedz/Desktop/Raffi/afterschool/hemsidor/ALNAHRAYN_Fisk_Iraqi_Fire_Edition/node_modules/.eslint-plugin-react-u605qRSS',
306 silly reify   '/Users/raffimedz/Desktop/Raffi/afterschool/hemsidor/ALNAHRAYN_Fisk_Iraqi_Fire_Edition/node_modules/eslint-plugin-jsx-a11y': '/Users/raffimedz/Desktop/Raffi/afterschool/hemsidor/ALNAHRAYN_Fisk_Iraqi_Fire_Edition/node_modules/.eslint-plugin-jsx-a11y-1OqmD57n',
306 silly reify   '/Users/raffimedz/Desktop/Raffi/afterschool/hemsidor/ALNAHRAYN_Fisk_Iraqi_Fire_Edition/node_modules/eslint-plugin-react-hooks': '/Users/raffimedz/Desktop/Raffi/afterschool/hemsidor/ALNAHRAYN_Fisk_Iraqi_Fire_Edition/node_modules/.eslint-plugin-react-hooks-Z7iyVRTr',
306 silly reify   '/Users/raffimedz/Desktop/Raffi/afterschool/hemsidor/ALNAHRAYN_Fisk_Iraqi_Fire_Edition/node_modules/events': '/Users/raffimedz/Desktop/Raffi/afterschool/hemsidor/ALNAHRAYN_Fisk_Iraqi_Fire_Edition/node_modules/.events-ucAkWz3i',
306 silly reify   '/Users/raffimedz/Desktop/Raffi/afterschool/hemsidor/ALNAHRAYN_Fisk_Iraqi_Fire_Edition/node_modules/fast-glob': '/Users/raffimedz/Desktop/Raffi/afterschool/hemsidor/ALNAHRAYN_Fisk_Iraqi_Fire_Edition/node_modules/.fast-glob-ENSYOvmf',
306 silly reify   '/Users/raffimedz/Desktop/Raffi/afterschool/hemsidor/ALNAHRAYN_Fisk_Iraqi_Fire_Edition/node_modules/fastq': '/Users/raffimedz/Desktop/Raffi/afterschool/hemsidor/ALNAHRAYN_Fisk_Iraqi_Fire_Edition/node_modules/.fastq-CxZrTZPk',
306 silly reify   '/Users/raffimedz/Desktop/Raffi/afterschool/hemsidor/ALNAHRAYN_Fisk_Iraqi_Fire_Edition/node_modules/fast-uri': '/Users/raffimedz/Desktop/Raffi/afterschool/hemsidor/ALNAHRAYN_Fisk_Iraqi_Fire_Edition/node_modules/.fast-uri-jKvtUC8e',
306 silly reify   '/Users/raffimedz/Desktop/Raffi/afterschool/hemsidor/ALNAHRAYN_Fisk_Iraqi_Fire_Edition/node_modules/fflate': '/Users/raffimedz/Desktop/Raffi/afterschool/hemsidor/ALNAHRAYN_Fisk_Iraqi_Fire_Edition/node_modules/.fflate-k3iBHeTf',
306 silly reify   '/Users/raffimedz/Desktop/Raffi/afterschool/hemsidor/ALNAHRAYN_Fisk_Iraqi_Fire_Edition/node_modules/fill-range': '/Users/raffimedz/Desktop/Raffi/afterschool/hemsidor/ALNAHRAYN_Fisk_Iraqi_Fire_Edition/node_modules/.fill-range-iYzkGwTF',
306 silly reify   '/Users/raffimedz/Desktop/Raffi/afterschool/hemsidor/ALNAHRAYN_Fisk_Iraqi_Fire_Edition/node_modules/for-each': '/Users/raffimedz/Desktop/Raffi/afterschool/hemsidor/ALNAHRAYN_Fisk_Iraqi_Fire_Edition/node_modules/.for-each-b0Gj0nBj',
306 silly reify   '/Users/raffimedz/Desktop/Raffi/afterschool/hemsidor/ALNAHRAYN_Fisk_Iraqi_Fire_Edition/node_modules/function-bind': '/Users/raffimedz/Desktop/Raffi/afterschool/hemsidor/ALNAHRAYN_Fisk_Iraqi_Fire_Edition/node_modules/.function-bind-AhcnbaRo',
306 silly reify   '/Users/raffimedz/Desktop/Raffi/afterschool/hemsidor/ALNAHRAYN_Fisk_Iraqi_Fire_Edition/node_modules/generator-function': '/Users/raffimedz/Desktop/Raffi/afterschool/hemsidor/ALNAHRAYN_Fisk_Iraqi_Fire_Edition/node_modules/.generator-function-LGpttTSS',
306 silly reify   '/Users/raffimedz/Desktop/Raffi/afterschool/hemsidor/ALNAHRAYN_Fisk_Iraqi_Fire_Edition/node_modules/gensync': '/Users/raffimedz/Desktop/Raffi/afterschool/hemsidor/ALNAHRAYN_Fisk_Iraqi_Fire_Edition/node_modules/.gensync-D6P2eDIZ',
306 silly reify   '/Users/raffimedz/Desktop/Raffi/afterschool/hemsidor/ALNAHRAYN_Fisk_Iraqi_Fire_Edition/node_modules/get-intrinsic': '/Users/raffimedz/Desktop/Raffi/afterschool/hemsidor/ALNAHRAYN_Fisk_Iraqi_Fire_Edition/node_modules/.get-intrinsic-DVGB7H5E',
306 silly reify   '/Users/raffimedz/Desktop/Raffi/afterschool/hemsidor/ALNAHRAYN_Fisk_Iraqi_Fire_Edition/node_modules/function.prototype.name': '/Users/raffimedz/Desktop/Raffi/afterschool/hemsidor/ALNAHRAYN_Fisk_Iraqi_Fire_Edition/node_modules/.function.prototype.name-BpTsrOb8',
306 silly reify   '/Users/raffimedz/Desktop/Raffi/afterschool/hemsidor/ALNAHRAYN_Fisk_Iraqi_Fire_Edition/node_modules/get-symbol-description': '/Users/raffimedz/Desktop/Raffi/afterschool/hemsidor/ALNAHRAYN_Fisk_Iraqi_Fire_Edition/node_modules/.get-symbol-description-hbSL7vQJ',
306 silly reify   '/Users/raffimedz/Desktop/Raffi/afterschool/hemsidor/ALNAHRAYN_Fisk_Iraqi_Fire_Edition/node_modules/functions-have-names': '/Users/raffimedz/Desktop/Raffi/afterschool/hemsidor/ALNAHRAYN_Fisk_Iraqi_Fire_Edition/node_modules/.functions-have-names-kspSe5yv',
306 silly reify   '/Users/raffimedz/Desktop/Raffi/afterschool/hemsidor/ALNAHRAYN_Fisk_Iraqi_Fire_Edition/node_modules/glob-to-regexp': '/Users/raffimedz/Desktop/Raffi/afterschool/hemsidor/ALNAHRAYN_Fisk_Iraqi_Fire_Edition/node_modules/.glob-to-regexp-GNZ3JEfr',
306 silly reify   '/Users/raffimedz/Desktop/Raffi/afterschool/hemsidor/ALNAHRAYN_Fisk_Iraqi_Fire_Edition/node_modules/globrex': '/Users/raffimedz/Desktop/Raffi/afterschool/hemsidor/ALNAHRAYN_Fisk_Iraqi_Fire_Edition/node_modules/.globrex-opABIIey',
306 silly reify   '/Users/raffimedz/Desktop/Raffi/afterschool/hemsidor/ALNAHRAYN_Fisk_Iraqi_Fire_Edition/node_modules/globalthis': '/Users/raffimedz/Desktop/Raffi/afterschool/hemsidor/ALNAHRAYN_Fisk_Iraqi_Fire_Edition/node_modules/.globalthis-n7CwCy7c',
306 silly reify   '/Users/raffimedz/Desktop/Raffi/afterschool/hemsidor/ALNAHRAYN_Fisk_Iraqi_Fire_Edition/node_modules/get-proto': '/Users/raffimedz/Desktop/Raffi/afterschool/hemsidor/ALNAHRAYN_Fisk_Iraqi_Fire_Edition/node_modules/.get-proto-aSIAJeMO',
306 silly reify   '/Users/raffimedz/Desktop/Raffi/afterschool/hemsidor/ALNAHRAYN_Fisk_Iraqi_Fire_Edition/node_modules/gopd': '/Users/raffimedz/Desktop/Raffi/afterschool/hemsidor/ALNAHRAYN_Fisk_Iraqi_Fire_Edition/node_modules/.gopd-Vv1rnSwl',
306 silly reify   '/Users/raffimedz/Desktop/Raffi/afterschool/hemsidor/ALNAHRAYN_Fisk_Iraqi_Fire_Edition/node_modules/has-property-descriptors': '/Users/raffimedz/Desktop/Raffi/afterschool/hemsidor/ALNAHRAYN_Fisk_Iraqi_Fire_Edition/node_modules/.has-property-descriptors-xmxFaENK',
306 silly reify   '/Users/raffimedz/Desktop/Raffi/afterschool/hemsidor/ALNAHRAYN_Fisk_Iraqi_Fire_Edition/node_modules/has-proto': '/Users/raffimedz/Desktop/Raffi/afterschool/hemsidor/ALNAHRAYN_Fisk_Iraqi_Fire_Edition/node_modules/.has-proto-3zNj7mXP',
306 silly reify   '/Users/raffimedz/Desktop/Raffi/afterschool/hemsidor/ALNAHRAYN_Fisk_Iraqi_Fire_Edition/node_modules/has-bigints': '/Users/raffimedz/Desktop/Raffi/afterschool/hemsidor/ALNAHRAYN_Fisk_Iraqi_Fire_Edition/node_modules/.has-bigints-PtZisxIX',
306 silly reify   '/Users/raffimedz/Desktop/Raffi/afterschool/hemsidor/ALNAHRAYN_Fisk_Iraqi_Fire_Edition/node_modules/has-symbols': '/Users/raffimedz/Desktop/Raffi/afterschool/hemsidor/ALNAHRAYN_Fisk_Iraqi_Fire_Edition/node_modules/.has-symbols-FKh5D9IS',
306 silly reify   '/Users/raffimedz/Desktop/Raffi/afterschool/hemsidor/ALNAHRAYN_Fisk_Iraqi_Fire_Edition/node_modules/hasown': '/Users/raffimedz/Desktop/Raffi/afterschool/hemsidor/ALNAHRAYN_Fisk_Iraqi_Fire_Edition/node_modules/.hasown-GzCh7kMy',
306 silly reify   '/Users/raffimedz/Desktop/Raffi/afterschool/hemsidor/ALNAHRAYN_Fisk_Iraqi_Fire_Edition/node_modules/has-tostringtag': '/Users/raffimedz/Desktop/Raffi/afterschool/hemsidor/ALNAHRAYN_Fisk_Iraqi_Fire_Edition/node_modules/.has-tostringtag-MBZDQdcb',
306 silly reify   '/Users/raffimedz/Desktop/Raffi/afterschool/hemsidor/ALNAHRAYN_Fisk_Iraqi_Fire_Edition/node_modules/hermes-parser': '/Users/raffimedz/Desktop/Raffi/afterschool/hemsidor/ALNAHRAYN_Fisk_Iraqi_Fire_Edition/node_modules/.hermes-parser-Oliqxx5a',
306 silly reify   '/Users/raffimedz/Desktop/Raffi/afterschool/hemsidor/ALNAHRAYN_Fisk_Iraqi_Fire_Edition/node_modules/hex-rgb': '/Users/raffimedz/Desktop/Raffi/afterschool/hemsidor/ALNAHRAYN_Fisk_Iraqi_Fire_Edition/node_modules/.hex-rgb-nVdxEt35',
306 silly reify   '/Users/raffimedz/Desktop/Raffi/afterschool/hemsidor/ALNAHRAYN_Fisk_Iraqi_Fire_Edition/node_modules/image-size': '/Users/raffimedz/Desktop/Raffi/afterschool/hemsidor/ALNAHRAYN_Fisk_Iraqi_Fire_Edition/node_modules/.image-size-XCumqNOV',
306 silly reify   '/Users/raffimedz/Desktop/Raffi/afterschool/hemsidor/ALNAHRAYN_Fisk_Iraqi_Fire_Edition/node_modules/.bin/image-size': '/Users/raffimedz/Desktop/Raffi/afterschool/hemsidor/ALNAHRAYN_Fisk_Iraqi_Fire_Edition/node_modules/.bin/.image-size-MurgdffM',
306 silly reify   '/Users/raffimedz/Desktop/Raffi/afterschool/hemsidor/ALNAHRAYN_Fisk_Iraqi_Fire_Edition/node_modules/hermes-estree': '/Users/raffimedz/Desktop/Raffi/afterschool/hemsidor/ALNAHRAYN_Fisk_Iraqi_Fire_Edition/node_modules/.hermes-estree-m10ZiHPx',
306 silly reify   '/Users/raffimedz/Desktop/Raffi/afterschool/hemsidor/ALNAHRAYN_Fisk_Iraqi_Fire_Edition/node_modules/internal-slot': '/Users/raffimedz/Desktop/Raffi/afterschool/hemsidor/ALNAHRAYN_Fisk_Iraqi_Fire_Edition/node_modules/.internal-slot-XD1UakiE',
306 silly reify   '/Users/raffimedz/Desktop/Raffi/afterschool/hemsidor/ALNAHRAYN_Fisk_Iraqi_Fire_Edition/node_modules/ipaddr.js': '/Users/raffimedz/Desktop/Raffi/afterschool/hemsidor/ALNAHRAYN_Fisk_Iraqi_Fire_Edition/node_modules/.ipaddr.js-ogn23lOB',
306 silly reify   '/Users/raffimedz/Desktop/Raffi/afterschool/hemsidor/ALNAHRAYN_Fisk_Iraqi_Fire_Edition/node_modules/is-bigint': '/Users/raffimedz/Desktop/Raffi/afterschool/hemsidor/ALNAHRAYN_Fisk_Iraqi_Fire_Edition/node_modules/.is-bigint-5VqmFWlS',
306 silly reify   '/Users/raffimedz/Desktop/Raffi/afterschool/hemsidor/ALNAHRAYN_Fisk_Iraqi_Fire_Edition/node_modules/is-array-buffer': '/Users/raffimedz/Desktop/Raffi/afterschool/hemsidor/ALNAHRAYN_Fisk_Iraqi_Fire_Edition/node_modules/.is-array-buffer-siGnQbce',
306 silly reify   '/Users/raffimedz/Desktop/Raffi/afterschool/hemsidor/ALNAHRAYN_Fisk_Iraqi_Fire_Edition/node_modules/is-async-function': '/Users/raffimedz/Desktop/Raffi/afterschool/hemsidor/ALNAHRAYN_Fisk_Iraqi_Fire_Edition/node_modules/.is-async-function-nrQ1xTse',
306 silly reify   '/Users/raffimedz/Desktop/Raffi/afterschool/hemsidor/ALNAHRAYN_Fisk_Iraqi_Fire_Edition/node_modules/is-boolean-object': '/Users/raffimedz/Desktop/Raffi/afterschool/hemsidor/ALNAHRAYN_Fisk_Iraqi_Fire_Edition/node_modules/.is-boolean-object-sj7OgXxE',
306 silly reify   '/Users/raffimedz/Desktop/Raffi/afterschool/hemsidor/ALNAHRAYN_Fisk_Iraqi_Fire_Edition/node_modules/is-bun-module': '/Users/raffimedz/Desktop/Raffi/afterschool/hemsidor/ALNAHRAYN_Fisk_Iraqi_Fire_Edition/node_modules/.is-bun-module-ZkBGgMy9',
306 silly reify   '/Users/raffimedz/Desktop/Raffi/afterschool/hemsidor/ALNAHRAYN_Fisk_Iraqi_Fire_Edition/node_modules/is-callable': '/Users/raffimedz/Desktop/Raffi/afterschool/hemsidor/ALNAHRAYN_Fisk_Iraqi_Fire_Edition/node_modules/.is-callable-sHCLsYj6',
306 silly reify   '/Users/raffimedz/Desktop/Raffi/afterschool/hemsidor/ALNAHRAYN_Fisk_Iraqi_Fire_Edition/node_modules/is-data-view': '/Users/raffimedz/Desktop/Raffi/afterschool/hemsidor/ALNAHRAYN_Fisk_Iraqi_Fire_Edition/node_modules/.is-data-view-7ngBS6Sn',
306 silly reify   '/Users/raffimedz/Desktop/Raffi/afterschool/hemsidor/ALNAHRAYN_Fisk_Iraqi_Fire_Edition/node_modules/is-date-object': '/Users/raffimedz/Desktop/Raffi/afterschool/hemsidor/ALNAHRAYN_Fisk_Iraqi_Fire_Edition/node_modules/.is-date-object-jXUpr91K',
306 silly reify   '/Users/raffimedz/Desktop/Raffi/afterschool/hemsidor/ALNAHRAYN_Fisk_Iraqi_Fire_Edition/node_modules/is-finalizationregistry': '/Users/raffimedz/Desktop/Raffi/afterschool/hemsidor/ALNAHRAYN_Fisk_Iraqi_Fire_Edition/node_modules/.is-finalizationregistry-7QE4JuJy',
306 silly reify   '/Users/raffimedz/Desktop/Raffi/afterschool/hemsidor/ALNAHRAYN_Fisk_Iraqi_Fire_Edition/node_modules/is-core-module': '/Users/raffimedz/Desktop/Raffi/afterschool/hemsidor/ALNAHRAYN_Fisk_Iraqi_Fire_Edition/node_modules/.is-core-module-ZrIuY0Hf',
306 silly reify   '/Users/raffimedz/Desktop/Raffi/afterschool/hemsidor/ALNAHRAYN_Fisk_Iraqi_Fire_Edition/node_modules/is-generator-function': '/Users/raffimedz/Desktop/Raffi/afterschool/hemsidor/ALNAHRAYN_Fisk_Iraqi_Fire_Edition/node_modules/.is-generator-function-zNJrmCHl',
306 silly reify   '/Users/raffimedz/Desktop/Raffi/afterschool/hemsidor/ALNAHRAYN_Fisk_Iraqi_Fire_Edition/node_modules/is-negative-zero': '/Users/raffimedz/Desktop/Raffi/afterschool/hemsidor/ALNAHRAYN_Fisk_Iraqi_Fire_Edition/node_modules/.is-negative-zero-eEVOatI7',
306 silly reify   '/Users/raffimedz/Desktop/Raffi/afterschool/hemsidor/ALNAHRAYN_Fisk_Iraqi_Fire_Edition/node_modules/is-regex': '/Users/raffimedz/Desktop/Raffi/afterschool/hemsidor/ALNAHRAYN_Fisk_Iraqi_Fire_Edition/node_modules/.is-regex-SXXZssMC',
306 silly reify   '/Users/raffimedz/Desktop/Raffi/afterschool/hemsidor/ALNAHRAYN_Fisk_Iraqi_Fire_Edition/node_modules/is-number-object': '/Users/raffimedz/Desktop/Raffi/afterschool/hemsidor/ALNAHRAYN_Fisk_Iraqi_Fire_Edition/node_modules/.is-number-object-QlAEhl1w',
306 silly reify   '/Users/raffimedz/Desktop/Raffi/afterschool/hemsidor/ALNAHRAYN_Fisk_Iraqi_Fire_Edition/node_modules/is-number': '/Users/raffimedz/Desktop/Raffi/afterschool/hemsidor/ALNAHRAYN_Fisk_Iraqi_Fire_Edition/node_modules/.is-number-7ILsm7fp',
306 silly reify   '/Users/raffimedz/Desktop/Raffi/afterschool/hemsidor/ALNAHRAYN_Fisk_Iraqi_Fire_Edition/node_modules/is-map': '/Users/raffimedz/Desktop/Raffi/afterschool/hemsidor/ALNAHRAYN_Fisk_Iraqi_Fire_Edition/node_modules/.is-map-q4JJo1yv',
306 silly reify   '/Users/raffimedz/Desktop/Raffi/afterschool/hemsidor/ALNAHRAYN_Fisk_Iraqi_Fire_Edition/node_modules/is-shared-array-buffer': '/Users/raffimedz/Desktop/Raffi/afterschool/hemsidor/ALNAHRAYN_Fisk_Iraqi_Fire_Edition/node_modules/.is-shared-array-buffer-YdgMDlnl',
306 silly reify   '/Users/raffimedz/Desktop/Raffi/afterschool/hemsidor/ALNAHRAYN_Fisk_Iraqi_Fire_Edition/node_modules/is-string': '/Users/raffimedz/Desktop/Raffi/afterschool/hemsidor/ALNAHRAYN_Fisk_Iraqi_Fire_Edition/node_modules/.is-string-9FiutXz4',
306 silly reify   '/Users/raffimedz/Desktop/Raffi/afterschool/hemsidor/ALNAHRAYN_Fisk_Iraqi_Fire_Edition/node_modules/is-set': '/Users/raffimedz/Desktop/Raffi/afterschool/hemsidor/ALNAHRAYN_Fisk_Iraqi_Fire_Edition/node_modules/.is-set-VPHElHQE',
306 silly reify   '/Users/raffimedz/Desktop/Raffi/afterschool/hemsidor/ALNAHRAYN_Fisk_Iraqi_Fire_Edition/node_modules/is-typed-array': '/Users/raffimedz/Desktop/Raffi/afterschool/hemsidor/ALNAHRAYN_Fisk_Iraqi_Fire_Edition/node_modules/.is-typed-array-dJNeD0V4',
306 silly reify   '/Users/raffimedz/Desktop/Raffi/afterschool/hemsidor/ALNAHRAYN_Fisk_Iraqi_Fire_Edition/node_modules/is-weakmap': '/Users/raffimedz/Desktop/Raffi/afterschool/hemsidor/ALNAHRAYN_Fisk_Iraqi_Fire_Edition/node_modules/.is-weakmap-TYZDtbsd',
306 silly reify   '/Users/raffimedz/Desktop/Raffi/afterschool/hemsidor/ALNAHRAYN_Fisk_Iraqi_Fire_Edition/node_modules/is-weakref': '/Users/raffimedz/Desktop/Raffi/afterschool/hemsidor/ALNAHRAYN_Fisk_Iraqi_Fire_Edition/node_modules/.is-weakref-ATUj5Zln',
306 silly reify   '/Users/raffimedz/Desktop/Raffi/afterschool/hemsidor/ALNAHRAYN_Fisk_Iraqi_Fire_Edition/node_modules/is-symbol': '/Users/raffimedz/Desktop/Raffi/afterschool/hemsidor/ALNAHRAYN_Fisk_Iraqi_Fire_Edition/node_modules/.is-symbol-kY0jTzIT',
306 silly reify   '/Users/raffimedz/Desktop/Raffi/afterschool/hemsidor/ALNAHRAYN_Fisk_Iraqi_Fire_Edition/node_modules/isarray': '/Users/raffimedz/Desktop/Raffi/afterschool/hemsidor/ALNAHRAYN_Fisk_Iraqi_Fire_Edition/node_modules/.isarray-j5s1JKIe',
306 silly reify   '/Users/raffimedz/Desktop/Raffi/afterschool/hemsidor/ALNAHRAYN_Fisk_Iraqi_Fire_Edition/node_modules/is-weakset': '/Users/raffimedz/Desktop/Raffi/afterschool/hemsidor/ALNAHRAYN_Fisk_Iraqi_Fire_Edition/node_modules/.is-weakset-a6Agi9BR',
306 silly reify   '/Users/raffimedz/Desktop/Raffi/afterschool/hemsidor/ALNAHRAYN_Fisk_Iraqi_Fire_Edition/node_modules/jest-worker': '/Users/raffimedz/Desktop/Raffi/afterschool/hemsidor/ALNAHRAYN_Fisk_Iraqi_Fire_Edition/node_modules/.jest-worker-U4q0KhQS',
306 silly reify   '/Users/raffimedz/Desktop/Raffi/afterschool/hemsidor/ALNAHRAYN_Fisk_Iraqi_Fire_Edition/node_modules/js-tokens': '/Users/raffimedz/Desktop/Raffi/afterschool/hemsidor/ALNAHRAYN_Fisk_Iraqi_Fire_Edition/node_modules/.js-tokens-kZv7Whea',
306 silly reify   '/Users/raffimedz/Desktop/Raffi/afterschool/hemsidor/ALNAHRAYN_Fisk_Iraqi_Fire_Edition/node_modules/jsesc': '/Users/raffimedz/Desktop/Raffi/afterschool/hemsidor/ALNAHRAYN_Fisk_Iraqi_Fire_Edition/node_modules/.jsesc-4V11dRQv',
306 silly reify   '/Users/raffimedz/Desktop/Raffi/afterschool/hemsidor/ALNAHRAYN_Fisk_Iraqi_Fire_Edition/node_modules/.bin/jsesc': '/Users/raffimedz/Desktop/Raffi/afterschool/hemsidor/ALNAHRAYN_Fisk_Iraqi_Fire_Edition/node_modules/.bin/.jsesc-Q78nXdGi',
306 silly reify   '/Users/raffimedz/Desktop/Raffi/afterschool/hemsidor/ALNAHRAYN_Fisk_Iraqi_Fire_Edition/node_modules/iterator.prototype': '/Users/raffimedz/Desktop/Raffi/afterschool/hemsidor/ALNAHRAYN_Fisk_Iraqi_Fire_Edition/node_modules/.iterator.prototype-fgbrGzNN',
306 silly reify   '/Users/raffimedz/Desktop/Raffi/afterschool/hemsidor/ALNAHRAYN_Fisk_Iraqi_Fire_Edition/node_modules/json-schema-traverse': '/Users/raffimedz/Desktop/Raffi/afterschool/hemsidor/ALNAHRAYN_Fisk_Iraqi_Fire_Edition/node_modules/.json-schema-traverse-bXAbS8Rx',
306 silly reify   '/Users/raffimedz/Desktop/Raffi/afterschool/hemsidor/ALNAHRAYN_Fisk_Iraqi_Fire_Edition/node_modules/jsx-ast-utils': '/Users/raffimedz/Desktop/Raffi/afterschool/hemsidor/ALNAHRAYN_Fisk_Iraqi_Fire_Edition/node_modules/.jsx-ast-utils-QIuvDk8V',
306 silly reify   '/Users/raffimedz/Desktop/Raffi/afterschool/hemsidor/ALNAHRAYN_Fisk_Iraqi_Fire_Edition/node_modules/linebreak': '/Users/raffimedz/Desktop/Raffi/afterschool/hemsidor/ALNAHRAYN_Fisk_Iraqi_Fire_Edition/node_modules/.linebreak-nC0BeqGh',
306 silly reify   '/Users/raffimedz/Desktop/Raffi/afterschool/hemsidor/ALNAHRAYN_Fisk_Iraqi_Fire_Edition/node_modules/loader-runner': '/Users/raffimedz/Desktop/Raffi/afterschool/hemsidor/ALNAHRAYN_Fisk_Iraqi_Fire_Edition/node_modules/.loader-runner-mOX9jA2n',
306 silly reify   '/Users/raffimedz/Desktop/Raffi/afterschool/hemsidor/ALNAHRAYN_Fisk_Iraqi_Fire_Edition/node_modules/language-subtag-registry': '/Users/raffimedz/Desktop/Raffi/afterschool/hemsidor/ALNAHRAYN_Fisk_Iraqi_Fire_Edition/node_modules/.language-subtag-registry-8z9G4HfL',
306 silly reify   '/Users/raffimedz/Desktop/Raffi/afterschool/hemsidor/ALNAHRAYN_Fisk_Iraqi_Fire_Edition/node_modules/language-tags': '/Users/raffimedz/Desktop/Raffi/afterschool/hemsidor/ALNAHRAYN_Fisk_Iraqi_Fire_Edition/node_modules/.language-tags-3RUCMmLq',
306 silly reify   '/Users/raffimedz/Desktop/Raffi/afterschool/hemsidor/ALNAHRAYN_Fisk_Iraqi_Fire_Edition/node_modules/json5': '/Users/raffimedz/Desktop/Raffi/afterschool/hemsidor/ALNAHRAYN_Fisk_Iraqi_Fire_Edition/node_modules/.json5-59YZNnpm',
306 silly reify   '/Users/raffimedz/Desktop/Raffi/afterschool/hemsidor/ALNAHRAYN_Fisk_Iraqi_Fire_Edition/node_modules/.bin/json5': '/Users/raffimedz/Desktop/Raffi/afterschool/hemsidor/ALNAHRAYN_Fisk_Iraqi_Fire_Edition/node_modules/.bin/.json5-2b6BLsn5',
306 silly reify   '/Users/raffimedz/Desktop/Raffi/afterschool/hemsidor/ALNAHRAYN_Fisk_Iraqi_Fire_Edition/node_modules/math-intrinsics': '/Users/raffimedz/Desktop/Raffi/afterschool/hemsidor/ALNAHRAYN_Fisk_Iraqi_Fire_Edition/node_modules/.math-intrinsics-Q0rqCRqb',
306 silly reify   '/Users/raffimedz/Desktop/Raffi/afterschool/hemsidor/ALNAHRAYN_Fisk_Iraqi_Fire_Edition/node_modules/lru-cache': '/Users/raffimedz/Desktop/Raffi/afterschool/hemsidor/ALNAHRAYN_Fisk_Iraqi_Fire_Edition/node_modules/.lru-cache-O0Ma34cb',
306 silly reify   '/Users/raffimedz/Desktop/Raffi/afterschool/hemsidor/ALNAHRAYN_Fisk_Iraqi_Fire_Edition/node_modules/merge-stream': '/Users/raffimedz/Desktop/Raffi/afterschool/hemsidor/ALNAHRAYN_Fisk_Iraqi_Fire_Edition/node_modules/.merge-stream-1vEdJyxE',
306 silly reify   '/Users/raffimedz/Desktop/Raffi/afterschool/hemsidor/ALNAHRAYN_Fisk_Iraqi_Fire_Edition/node_modules/micromatch': '/Users/raffimedz/Desktop/Raffi/afterschool/hemsidor/ALNAHRAYN_Fisk_Iraqi_Fire_Edition/node_modules/.micromatch-h99UmrHw',
306 silly reify   '/Users/raffimedz/Desktop/Raffi/afterschool/hemsidor/ALNAHRAYN_Fisk_Iraqi_Fire_Edition/node_modules/merge2': '/Users/raffimedz/Desktop/Raffi/afterschool/hemsidor/ALNAHRAYN_Fisk_Iraqi_Fire_Edition/node_modules/.merge2-O7UYjdxd',
306 silly reify   '/Users/raffimedz/Desktop/Raffi/afterschool/hemsidor/ALNAHRAYN_Fisk_Iraqi_Fire_Edition/node_modules/mime-db': '/Users/raffimedz/Desktop/Raffi/afterschool/hemsidor/ALNAHRAYN_Fisk_Iraqi_Fire_Edition/node_modules/.mime-db-9tjIWniQ',
306 silly reify   '/Users/raffimedz/Desktop/Raffi/afterschool/hemsidor/ALNAHRAYN_Fisk_Iraqi_Fire_Edition/node_modules/loose-envify': '/Users/raffimedz/Desktop/Raffi/afterschool/hemsidor/ALNAHRAYN_Fisk_Iraqi_Fire_Edition/node_modules/.loose-envify-bi7PRRGO',
306 silly reify   '/Users/raffimedz/Desktop/Raffi/afterschool/hemsidor/ALNAHRAYN_Fisk_Iraqi_Fire_Edition/node_modules/.bin/loose-envify': '/Users/raffimedz/Desktop/Raffi/afterschool/hemsidor/ALNAHRAYN_Fisk_Iraqi_Fire_Edition/node_modules/.bin/.loose-envify-uelHgpKu',
306 silly reify   '/Users/raffimedz/Desktop/Raffi/afterschool/hemsidor/ALNAHRAYN_Fisk_Iraqi_Fire_Edition/node_modules/minimist': '/Users/raffimedz/Desktop/Raffi/afterschool/hemsidor/ALNAHRAYN_Fisk_Iraqi_Fire_Edition/node_modules/.minimist-hmpAuD7i',
306 silly reify   '/Users/raffimedz/Desktop/Raffi/afterschool/hemsidor/ALNAHRAYN_Fisk_Iraqi_Fire_Edition/node_modules/napi-postinstall': '/Users/raffimedz/Desktop/Raffi/afterschool/hemsidor/ALNAHRAYN_Fisk_Iraqi_Fire_Edition/node_modules/.napi-postinstall-pyTp6S5S',
306 silly reify   '/Users/raffimedz/Desktop/Raffi/afterschool/hemsidor/ALNAHRAYN_Fisk_Iraqi_Fire_Edition/node_modules/.bin/napi-postinstall': '/Users/raffimedz/Desktop/Raffi/afterschool/hemsidor/ALNAHRAYN_Fisk_Iraqi_Fire_Edition/node_modules/.bin/.napi-postinstall-CtQXKdgP',
306 silly reify   '/Users/raffimedz/Desktop/Raffi/afterschool/hemsidor/ALNAHRAYN_Fisk_Iraqi_Fire_Edition/node_modules/node-exports-info': '/Users/raffimedz/Desktop/Raffi/afterschool/hemsidor/ALNAHRAYN_Fisk_Iraqi_Fire_Edition/node_modules/.node-exports-info-bxtAbKHq',
306 silly reify   '/Users/raffimedz/Desktop/Raffi/afterschool/hemsidor/ALNAHRAYN_Fisk_Iraqi_Fire_Edition/node_modules/next': '/Users/raffimedz/Desktop/Raffi/afterschool/hemsidor/ALNAHRAYN_Fisk_Iraqi_Fire_Edition/node_modules/.next-h6I5vCOM',
306 silly reify   '/Users/raffimedz/Desktop/Raffi/afterschool/hemsidor/ALNAHRAYN_Fisk_Iraqi_Fire_Edition/node_modules/.bin/next': '/Users/raffimedz/Desktop/Raffi/afterschool/hemsidor/ALNAHRAYN_Fisk_Iraqi_Fire_Edition/node_modules/.bin/.next-PJXuBEMl',
306 silly reify   '/Users/raffimedz/Desktop/Raffi/afterschool/hemsidor/ALNAHRAYN_Fisk_Iraqi_Fire_Edition/node_modules/object-assign': '/Users/raffimedz/Desktop/Raffi/afterschool/hemsidor/ALNAHRAYN_Fisk_Iraqi_Fire_Edition/node_modules/.object-assign-wG8vToEa',
306 silly reify   '/Users/raffimedz/Desktop/Raffi/afterschool/hemsidor/ALNAHRAYN_Fisk_Iraqi_Fire_Edition/node_modules/node-releases': '/Users/raffimedz/Desktop/Raffi/afterschool/hemsidor/ALNAHRAYN_Fisk_Iraqi_Fire_Edition/node_modules/.node-releases-Nl9UcfIc',
306 silly reify   '/Users/raffimedz/Desktop/Raffi/afterschool/hemsidor/ALNAHRAYN_Fisk_Iraqi_Fire_Edition/node_modules/neo-async': '/Users/raffimedz/Desktop/Raffi/afterschool/hemsidor/ALNAHRAYN_Fisk_Iraqi_Fire_Edition/node_modules/.neo-async-hSmrsff7',
306 silly reify   '/Users/raffimedz/Desktop/Raffi/afterschool/hemsidor/ALNAHRAYN_Fisk_Iraqi_Fire_Edition/node_modules/object-keys': '/Users/raffimedz/Desktop/Raffi/afterschool/hemsidor/ALNAHRAYN_Fisk_Iraqi_Fire_Edition/node_modules/.object-keys-s8ck6J6t',
306 silly reify   '/Users/raffimedz/Desktop/Raffi/afterschool/hemsidor/ALNAHRAYN_Fisk_Iraqi_Fire_Edition/node_modules/object.entries': '/Users/raffimedz/Desktop/Raffi/afterschool/hemsidor/ALNAHRAYN_Fisk_Iraqi_Fire_Edition/node_modules/.object.entries-iJVXZfBJ',
306 silly reify   '/Users/raffimedz/Desktop/Raffi/afterschool/hemsidor/ALNAHRAYN_Fisk_Iraqi_Fire_Edition/node_modules/object-inspect': '/Users/raffimedz/Desktop/Raffi/afterschool/hemsidor/ALNAHRAYN_Fisk_Iraqi_Fire_Edition/node_modules/.object-inspect-IXJcohsW',
306 silly reify   '/Users/raffimedz/Desktop/Raffi/afterschool/hemsidor/ALNAHRAYN_Fisk_Iraqi_Fire_Edition/node_modules/object.fromentries': '/Users/raffimedz/Desktop/Raffi/afterschool/hemsidor/ALNAHRAYN_Fisk_Iraqi_Fire_Edition/node_modules/.object.fromentries-FrvBBhkC',
306 silly reify   '/Users/raffimedz/Desktop/Raffi/afterschool/hemsidor/ALNAHRAYN_Fisk_Iraqi_Fire_Edition/node_modules/object.values': '/Users/raffimedz/Desktop/Raffi/afterschool/hemsidor/ALNAHRAYN_Fisk_Iraqi_Fire_Edition/node_modules/.object.values-f4nFE41c',
306 silly reify   '/Users/raffimedz/Desktop/Raffi/afterschool/hemsidor/ALNAHRAYN_Fisk_Iraqi_Fire_Edition/node_modules/object.groupby': '/Users/raffimedz/Desktop/Raffi/afterschool/hemsidor/ALNAHRAYN_Fisk_Iraqi_Fire_Edition/node_modules/.object.groupby-wXLEhd91',
306 silly reify   '/Users/raffimedz/Desktop/Raffi/afterschool/hemsidor/ALNAHRAYN_Fisk_Iraqi_Fire_Edition/node_modules/own-keys': '/Users/raffimedz/Desktop/Raffi/afterschool/hemsidor/ALNAHRAYN_Fisk_Iraqi_Fire_Edition/node_modules/.own-keys-MWKekHqW',
306 silly reify   '/Users/raffimedz/Desktop/Raffi/afterschool/hemsidor/ALNAHRAYN_Fisk_Iraqi_Fire_Edition/node_modules/object.assign': '/Users/raffimedz/Desktop/Raffi/afterschool/hemsidor/ALNAHRAYN_Fisk_Iraqi_Fire_Edition/node_modules/.object.assign-lt4S6JLT',
306 silly reify   '/Users/raffimedz/Desktop/Raffi/afterschool/hemsidor/ALNAHRAYN_Fisk_Iraqi_Fire_Edition/node_modules/pako': '/Users/raffimedz/Desktop/Raffi/afterschool/hemsidor/ALNAHRAYN_Fisk_Iraqi_Fire_Edition/node_modules/.pako-WsZBQx44',
306 silly reify   '/Users/raffimedz/Desktop/Raffi/afterschool/hemsidor/ALNAHRAYN_Fisk_Iraqi_Fire_Edition/node_modules/path-parse': '/Users/raffimedz/Desktop/Raffi/afterschool/hemsidor/ALNAHRAYN_Fisk_Iraqi_Fire_Edition/node_modules/.path-parse-KOMBoI5m',
306 silly reify   '/Users/raffimedz/Desktop/Raffi/afterschool/hemsidor/ALNAHRAYN_Fisk_Iraqi_Fire_Edition/node_modules/parse-css-color': '/Users/raffimedz/Desktop/Raffi/afterschool/hemsidor/ALNAHRAYN_Fisk_Iraqi_Fire_Edition/node_modules/.parse-css-color-JSK0ba8X',
306 silly reify   '/Users/raffimedz/Desktop/Raffi/afterschool/hemsidor/ALNAHRAYN_Fisk_Iraqi_Fire_Edition/node_modules/picomatch': '/Users/raffimedz/Desktop/Raffi/afterschool/hemsidor/ALNAHRAYN_Fisk_Iraqi_Fire_Edition/node_modules/.picomatch-gKVPKL2w',
306 silly reify   '/Users/raffimedz/Desktop/Raffi/afterschool/hemsidor/ALNAHRAYN_Fisk_Iraqi_Fire_Edition/node_modules/postcss-value-parser': '/Users/raffimedz/Desktop/Raffi/afterschool/hemsidor/ALNAHRAYN_Fisk_Iraqi_Fire_Edition/node_modules/.postcss-value-parser-KlcUL8AK',
306 silly reify   '/Users/raffimedz/Desktop/Raffi/afterschool/hemsidor/ALNAHRAYN_Fisk_Iraqi_Fire_Edition/node_modules/prop-types': '/Users/raffimedz/Desktop/Raffi/afterschool/hemsidor/ALNAHRAYN_Fisk_Iraqi_Fire_Edition/node_modules/.prop-types-5VzD4qgR',
306 silly reify   '/Users/raffimedz/Desktop/Raffi/afterschool/hemsidor/ALNAHRAYN_Fisk_Iraqi_Fire_Edition/node_modules/queue-microtask': '/Users/raffimedz/Desktop/Raffi/afterschool/hemsidor/ALNAHRAYN_Fisk_Iraqi_Fire_Edition/node_modules/.queue-microtask-8vor84bl',
306 silly reify   '/Users/raffimedz/Desktop/Raffi/afterschool/hemsidor/ALNAHRAYN_Fisk_Iraqi_Fire_Edition/node_modules/possible-typed-array-names': '/Users/raffimedz/Desktop/Raffi/afterschool/hemsidor/ALNAHRAYN_Fisk_Iraqi_Fire_Edition/node_modules/.possible-typed-array-names-t0OGkEtI',
306 silly reify   '/Users/raffimedz/Desktop/Raffi/afterschool/hemsidor/ALNAHRAYN_Fisk_Iraqi_Fire_Edition/node_modules/react-server-dom-webpack': '/Users/raffimedz/Desktop/Raffi/afterschool/hemsidor/ALNAHRAYN_Fisk_Iraqi_Fire_Edition/node_modules/.react-server-dom-webpack-eSgbbZJG',
306 silly reify   '/Users/raffimedz/Desktop/Raffi/afterschool/hemsidor/ALNAHRAYN_Fisk_Iraqi_Fire_Edition/node_modules/regexp.prototype.flags': '/Users/raffimedz/Desktop/Raffi/afterschool/hemsidor/ALNAHRAYN_Fisk_Iraqi_Fire_Edition/node_modules/.regexp.prototype.flags-2ZTg2fS7',
306 silly reify   '/Users/raffimedz/Desktop/Raffi/afterschool/hemsidor/ALNAHRAYN_Fisk_Iraqi_Fire_Edition/node_modules/reflect.getprototypeof': '/Users/raffimedz/Desktop/Raffi/afterschool/hemsidor/ALNAHRAYN_Fisk_Iraqi_Fire_Edition/node_modules/.reflect.getprototypeof-WEzwlx1u',
306 silly reify   '/Users/raffimedz/Desktop/Raffi/afterschool/hemsidor/ALNAHRAYN_Fisk_Iraqi_Fire_Edition/node_modules/require-from-string': '/Users/raffimedz/Desktop/Raffi/afterschool/hemsidor/ALNAHRAYN_Fisk_Iraqi_Fire_Edition/node_modules/.require-from-string-heYTwHH1',
306 silly reify   '/Users/raffimedz/Desktop/Raffi/afterschool/hemsidor/ALNAHRAYN_Fisk_Iraqi_Fire_Edition/node_modules/resolve': '/Users/raffimedz/Desktop/Raffi/afterschool/hemsidor/ALNAHRAYN_Fisk_Iraqi_Fire_Edition/node_modules/.resolve-rwTDBKjf',
306 silly reify   '/Users/raffimedz/Desktop/Raffi/afterschool/hemsidor/ALNAHRAYN_Fisk_Iraqi_Fire_Edition/node_modules/.bin/resolve': '/Users/raffimedz/Desktop/Raffi/afterschool/hemsidor/ALNAHRAYN_Fisk_Iraqi_Fire_Edition/node_modules/.bin/.resolve-j9wAZ7HD',
306 silly reify   '/Users/raffimedz/Desktop/Raffi/afterschool/hemsidor/ALNAHRAYN_Fisk_Iraqi_Fire_Edition/node_modules/reusify': '/Users/raffimedz/Desktop/Raffi/afterschool/hemsidor/ALNAHRAYN_Fisk_Iraqi_Fire_Edition/node_modules/.reusify-hNUYvAVe',
306 silly reify   '/Users/raffimedz/Desktop/Raffi/afterschool/hemsidor/ALNAHRAYN_Fisk_Iraqi_Fire_Edition/node_modules/run-parallel': '/Users/raffimedz/Desktop/Raffi/afterschool/hemsidor/ALNAHRAYN_Fisk_Iraqi_Fire_Edition/node_modules/.run-parallel-MlGCiBsI',
306 silly reify   '/Users/raffimedz/Desktop/Raffi/afterschool/hemsidor/ALNAHRAYN_Fisk_Iraqi_Fire_Edition/node_modules/safe-array-concat': '/Users/raffimedz/Desktop/Raffi/afterschool/hemsidor/ALNAHRAYN_Fisk_Iraqi_Fire_Edition/node_modules/.safe-array-concat-ToTgHm11',
306 silly reify   '/Users/raffimedz/Desktop/Raffi/afterschool/hemsidor/ALNAHRAYN_Fisk_Iraqi_Fire_Edition/node_modules/safe-push-apply': '/Users/raffimedz/Desktop/Raffi/afterschool/hemsidor/ALNAHRAYN_Fisk_Iraqi_Fire_Edition/node_modules/.safe-push-apply-Qgf7xRuN',
306 silly reify   '/Users/raffimedz/Desktop/Raffi/afterschool/hemsidor/ALNAHRAYN_Fisk_Iraqi_Fire_Edition/node_modules/satori': '/Users/raffimedz/Desktop/Raffi/afterschool/hemsidor/ALNAHRAYN_Fisk_Iraqi_Fire_Edition/node_modules/.satori-8b9cDYVR',
306 silly reify   '/Users/raffimedz/Desktop/Raffi/afterschool/hemsidor/ALNAHRAYN_Fisk_Iraqi_Fire_Edition/node_modules/safe-regex-test': '/Users/raffimedz/Desktop/Raffi/afterschool/hemsidor/ALNAHRAYN_Fisk_Iraqi_Fire_Edition/node_modules/.safe-regex-test-WR7vOoXX',
306 silly reify   '/Users/raffimedz/Desktop/Raffi/afterschool/hemsidor/ALNAHRAYN_Fisk_Iraqi_Fire_Edition/node_modules/schema-utils': '/Users/raffimedz/Desktop/Raffi/afterschool/hemsidor/ALNAHRAYN_Fisk_Iraqi_Fire_Edition/node_modules/.schema-utils-ojESjkmQ',
306 silly reify   '/Users/raffimedz/Desktop/Raffi/afterschool/hemsidor/ALNAHRAYN_Fisk_Iraqi_Fire_Edition/node_modules/semver': '/Users/raffimedz/Desktop/Raffi/afterschool/hemsidor/ALNAHRAYN_Fisk_Iraqi_Fire_Edition/node_modules/.semver-ljjzfPjy',
306 silly reify   '/Users/raffimedz/Desktop/Raffi/afterschool/hemsidor/ALNAHRAYN_Fisk_Iraqi_Fire_Edition/node_modules/.bin/semver': '/Users/raffimedz/Desktop/Raffi/afterschool/hemsidor/ALNAHRAYN_Fisk_Iraqi_Fire_Edition/node_modules/.bin/.semver-SqCqG3mM',
306 silly reify   '/Users/raffimedz/Desktop/Raffi/afterschool/hemsidor/ALNAHRAYN_Fisk_Iraqi_Fire_Edition/node_modules/set-function-length': '/Users/raffimedz/Desktop/Raffi/afterschool/hemsidor/ALNAHRAYN_Fisk_Iraqi_Fire_Edition/node_modules/.set-function-length-ZzMqdVwX',
306 silly reify   '/Users/raffimedz/Desktop/Raffi/afterschool/hemsidor/ALNAHRAYN_Fisk_Iraqi_Fire_Edition/node_modules/set-function-name': '/Users/raffimedz/Desktop/Raffi/afterschool/hemsidor/ALNAHRAYN_Fisk_Iraqi_Fire_Edition/node_modules/.set-function-name-fCYnEOW6',
306 silly reify   '/Users/raffimedz/Desktop/Raffi/afterschool/hemsidor/ALNAHRAYN_Fisk_Iraqi_Fire_Edition/node_modules/set-proto': '/Users/raffimedz/Desktop/Raffi/afterschool/hemsidor/ALNAHRAYN_Fisk_Iraqi_Fire_Edition/node_modules/.set-proto-uoHFxLBe',
306 silly reify   '/Users/raffimedz/Desktop/Raffi/afterschool/hemsidor/ALNAHRAYN_Fisk_Iraqi_Fire_Edition/node_modules/side-channel-list': '/Users/raffimedz/Desktop/Raffi/afterschool/hemsidor/ALNAHRAYN_Fisk_Iraqi_Fire_Edition/node_modules/.side-channel-list-EOnDkvJh',
306 silly reify   '/Users/raffimedz/Desktop/Raffi/afterschool/hemsidor/ALNAHRAYN_Fisk_Iraqi_Fire_Edition/node_modules/side-channel': '/Users/raffimedz/Desktop/Raffi/afterschool/hemsidor/ALNAHRAYN_Fisk_Iraqi_Fire_Edition/node_modules/.side-channel-tpGsUHSk',
306 silly reify   '/Users/raffimedz/Desktop/Raffi/afterschool/hemsidor/ALNAHRAYN_Fisk_Iraqi_Fire_Edition/node_modules/side-channel-weakmap': '/Users/raffimedz/Desktop/Raffi/afterschool/hemsidor/ALNAHRAYN_Fisk_Iraqi_Fire_Edition/node_modules/.side-channel-weakmap-8RM7ao7P',
306 silly reify   '/Users/raffimedz/Desktop/Raffi/afterschool/hemsidor/ALNAHRAYN_Fisk_Iraqi_Fire_Edition/node_modules/side-channel-map': '/Users/raffimedz/Desktop/Raffi/afterschool/hemsidor/ALNAHRAYN_Fisk_Iraqi_Fire_Edition/node_modules/.side-channel-map-YgYv487z',
306 silly reify   '/Users/raffimedz/Desktop/Raffi/afterschool/hemsidor/ALNAHRAYN_Fisk_Iraqi_Fire_Edition/node_modules/stable-hash': '/Users/raffimedz/Desktop/Raffi/afterschool/hemsidor/ALNAHRAYN_Fisk_Iraqi_Fire_Edition/node_modules/.stable-hash-euFOxVxu',
306 silly reify   '/Users/raffimedz/Desktop/Raffi/afterschool/hemsidor/ALNAHRAYN_Fisk_Iraqi_Fire_Edition/node_modules/stop-iteration-iterator': '/Users/raffimedz/Desktop/Raffi/afterschool/hemsidor/ALNAHRAYN_Fisk_Iraqi_Fire_Edition/node_modules/.stop-iteration-iterator-gYklF10y',
306 silly reify   '/Users/raffimedz/Desktop/Raffi/afterschool/hemsidor/ALNAHRAYN_Fisk_Iraqi_Fire_Edition/node_modules/string.prototype.codepointat': '/Users/raffimedz/Desktop/Raffi/afterschool/hemsidor/ALNAHRAYN_Fisk_Iraqi_Fire_Edition/node_modules/.string.prototype.codepointat-KiXQNORw',
306 silly reify   '/Users/raffimedz/Desktop/Raffi/afterschool/hemsidor/ALNAHRAYN_Fisk_Iraqi_Fire_Edition/node_modules/string.prototype.matchall': '/Users/raffimedz/Desktop/Raffi/afterschool/hemsidor/ALNAHRAYN_Fisk_Iraqi_Fire_Edition/node_modules/.string.prototype.matchall-gqFaHImI',
306 silly reify   '/Users/raffimedz/Desktop/Raffi/afterschool/hemsidor/ALNAHRAYN_Fisk_Iraqi_Fire_Edition/node_modules/string.prototype.includes': '/Users/raffimedz/Desktop/Raffi/afterschool/hemsidor/ALNAHRAYN_Fisk_Iraqi_Fire_Edition/node_modules/.string.prototype.includes-GrM6wszJ',
306 silly reify   '/Users/raffimedz/Desktop/Raffi/afterschool/hemsidor/ALNAHRAYN_Fisk_Iraqi_Fire_Edition/node_modules/string.prototype.trimstart': '/Users/raffimedz/Desktop/Raffi/afterschool/hemsidor/ALNAHRAYN_Fisk_Iraqi_Fire_Edition/node_modules/.string.prototype.trimstart-mK5kJLru',
306 silly reify   '/Users/raffimedz/Desktop/Raffi/afterschool/hemsidor/ALNAHRAYN_Fisk_Iraqi_Fire_Edition/node_modules/string.prototype.repeat': '/Users/raffimedz/Desktop/Raffi/afterschool/hemsidor/ALNAHRAYN_Fisk_Iraqi_Fire_Edition/node_modules/.string.prototype.repeat-RSt3bxFQ',
306 silly reify   '/Users/raffimedz/Desktop/Raffi/afterschool/hemsidor/ALNAHRAYN_Fisk_Iraqi_Fire_Edition/node_modules/strip-bom': '/Users/raffimedz/Desktop/Raffi/afterschool/hemsidor/ALNAHRAYN_Fisk_Iraqi_Fire_Edition/node_modules/.strip-bom-woJjw0TO',
306 silly reify   '/Users/raffimedz/Desktop/Raffi/afterschool/hemsidor/ALNAHRAYN_Fisk_Iraqi_Fire_Edition/node_modules/string.prototype.trim': '/Users/raffimedz/Desktop/Raffi/afterschool/hemsidor/ALNAHRAYN_Fisk_Iraqi_Fire_Edition/node_modules/.string.prototype.trim-5TKoS4aM',
306 silly reify   '/Users/raffimedz/Desktop/Raffi/afterschool/hemsidor/ALNAHRAYN_Fisk_Iraqi_Fire_Edition/node_modules/styled-jsx': '/Users/raffimedz/Desktop/Raffi/afterschool/hemsidor/ALNAHRAYN_Fisk_Iraqi_Fire_Edition/node_modules/.styled-jsx-gSUCni1U',
306 silly reify   '/Users/raffimedz/Desktop/Raffi/afterschool/hemsidor/ALNAHRAYN_Fisk_Iraqi_Fire_Edition/node_modules/string.prototype.trimend': '/Users/raffimedz/Desktop/Raffi/afterschool/hemsidor/ALNAHRAYN_Fisk_Iraqi_Fire_Edition/node_modules/.string.prototype.trimend-qHvpp3Im',
306 silly reify   '/Users/raffimedz/Desktop/Raffi/afterschool/hemsidor/ALNAHRAYN_Fisk_Iraqi_Fire_Edition/node_modules/supports-preserve-symlinks-flag': '/Users/raffimedz/Desktop/Raffi/afterschool/hemsidor/ALNAHRAYN_Fisk_Iraqi_Fire_Edition/node_modules/.supports-preserve-symlinks-flag-waxFWZhH',
306 silly reify   '/Users/raffimedz/Desktop/Raffi/afterschool/hemsidor/ALNAHRAYN_Fisk_Iraqi_Fire_Edition/node_modules/terser': '/Users/raffimedz/Desktop/Raffi/afterschool/hemsidor/ALNAHRAYN_Fisk_Iraqi_Fire_Edition/node_modules/.terser-bbj16t03',
306 silly reify   '/Users/raffimedz/Desktop/Raffi/afterschool/hemsidor/ALNAHRAYN_Fisk_Iraqi_Fire_Edition/node_modules/.bin/terser': '/Users/raffimedz/Desktop/Raffi/afterschool/hemsidor/ALNAHRAYN_Fisk_Iraqi_Fire_Edition/node_modules/.bin/.terser-obrBlgTv',
306 silly reify   '/Users/raffimedz/Desktop/Raffi/afterschool/hemsidor/ALNAHRAYN_Fisk_Iraqi_Fire_Edition/node_modules/terser-webpack-plugin': '/Users/raffimedz/Desktop/Raffi/afterschool/hemsidor/ALNAHRAYN_Fisk_Iraqi_Fire_Edition/node_modules/.terser-webpack-plugin-gqlrFhV4',
306 silly reify   '/Users/raffimedz/Desktop/Raffi/afterschool/hemsidor/ALNAHRAYN_Fisk_Iraqi_Fire_Edition/node_modules/tiny-inflate': '/Users/raffimedz/Desktop/Raffi/afterschool/hemsidor/ALNAHRAYN_Fisk_Iraqi_Fire_Edition/node_modules/.tiny-inflate-NMemeiSI',
306 silly reify   '/Users/raffimedz/Desktop/Raffi/afterschool/hemsidor/ALNAHRAYN_Fisk_Iraqi_Fire_Edition/node_modules/to-regex-range': '/Users/raffimedz/Desktop/Raffi/afterschool/hemsidor/ALNAHRAYN_Fisk_Iraqi_Fire_Edition/node_modules/.to-regex-range-STr7TDAj',
306 silly reify   '/Users/raffimedz/Desktop/Raffi/afterschool/hemsidor/ALNAHRAYN_Fisk_Iraqi_Fire_Edition/node_modules/ts-api-utils': '/Users/raffimedz/Desktop/Raffi/afterschool/hemsidor/ALNAHRAYN_Fisk_Iraqi_Fire_Edition/node_modules/.ts-api-utils-tkxttkdQ',
306 silly reify   '/Users/raffimedz/Desktop/Raffi/afterschool/hemsidor/ALNAHRAYN_Fisk_Iraqi_Fire_Edition/node_modules/tsconfck': '/Users/raffimedz/Desktop/Raffi/afterschool/hemsidor/ALNAHRAYN_Fisk_Iraqi_Fire_Edition/node_modules/.tsconfck-mNnYxlmv',
306 silly reify   '/Users/raffimedz/Desktop/Raffi/afterschool/hemsidor/ALNAHRAYN_Fisk_Iraqi_Fire_Edition/node_modules/.bin/tsconfck': '/Users/raffimedz/Desktop/Raffi/afterschool/hemsidor/ALNAHRAYN_Fisk_Iraqi_Fire_Edition/node_modules/.bin/.tsconfck-5uRWaB5V',
306 silly reify   '/Users/raffimedz/Desktop/Raffi/afterschool/hemsidor/ALNAHRAYN_Fisk_Iraqi_Fire_Edition/node_modules/tsconfig-paths': '/Users/raffimedz/Desktop/Raffi/afterschool/hemsidor/ALNAHRAYN_Fisk_Iraqi_Fire_Edition/node_modules/.tsconfig-paths-8r1qHhCp',
306 silly reify   '/Users/raffimedz/Desktop/Raffi/afterschool/hemsidor/ALNAHRAYN_Fisk_Iraqi_Fire_Edition/node_modules/typed-array-buffer': '/Users/raffimedz/Desktop/Raffi/afterschool/hemsidor/ALNAHRAYN_Fisk_Iraqi_Fire_Edition/node_modules/.typed-array-buffer-JuUl2d6l',
306 silly reify   '/Users/raffimedz/Desktop/Raffi/afterschool/hemsidor/ALNAHRAYN_Fisk_Iraqi_Fire_Edition/node_modules/typed-array-byte-offset': '/Users/raffimedz/Desktop/Raffi/afterschool/hemsidor/ALNAHRAYN_Fisk_Iraqi_Fire_Edition/node_modules/.typed-array-byte-offset-0L6dc1AO',
306 silly reify   '/Users/raffimedz/Desktop/Raffi/afterschool/hemsidor/ALNAHRAYN_Fisk_Iraqi_Fire_Edition/node_modules/typescript-eslint': '/Users/raffimedz/Desktop/Raffi/afterschool/hemsidor/ALNAHRAYN_Fisk_Iraqi_Fire_Edition/node_modules/.typescript-eslint-4CYnLBW4',
306 silly reify   '/Users/raffimedz/Desktop/Raffi/afterschool/hemsidor/ALNAHRAYN_Fisk_Iraqi_Fire_Edition/node_modules/typed-array-byte-length': '/Users/raffimedz/Desktop/Raffi/afterschool/hemsidor/ALNAHRAYN_Fisk_Iraqi_Fire_Edition/node_modules/.typed-array-byte-length-N8zUvkAU',
306 silly reify   '/Users/raffimedz/Desktop/Raffi/afterschool/hemsidor/ALNAHRAYN_Fisk_Iraqi_Fire_Edition/node_modules/unbox-primitive': '/Users/raffimedz/Desktop/Raffi/afterschool/hemsidor/ALNAHRAYN_Fisk_Iraqi_Fire_Edition/node_modules/.unbox-primitive-XAdjH44p',
306 silly reify   '/Users/raffimedz/Desktop/Raffi/afterschool/hemsidor/ALNAHRAYN_Fisk_Iraqi_Fire_Edition/node_modules/unicode-trie': '/Users/raffimedz/Desktop/Raffi/afterschool/hemsidor/ALNAHRAYN_Fisk_Iraqi_Fire_Edition/node_modules/.unicode-trie-jlRO1qRe',
306 silly reify   '/Users/raffimedz/Desktop/Raffi/afterschool/hemsidor/ALNAHRAYN_Fisk_Iraqi_Fire_Edition/node_modules/unpic': '/Users/raffimedz/Desktop/Raffi/afterschool/hemsidor/ALNAHRAYN_Fisk_Iraqi_Fire_Edition/node_modules/.unpic-74thLr4g',
306 silly reify   '/Users/raffimedz/Desktop/Raffi/afterschool/hemsidor/ALNAHRAYN_Fisk_Iraqi_Fire_Edition/node_modules/unrs-resolver': '/Users/raffimedz/Desktop/Raffi/afterschool/hemsidor/ALNAHRAYN_Fisk_Iraqi_Fire_Edition/node_modules/.unrs-resolver-aT97R6FU',
306 silly reify   '/Users/raffimedz/Desktop/Raffi/afterschool/hemsidor/ALNAHRAYN_Fisk_Iraqi_Fire_Edition/node_modules/typed-array-length': '/Users/raffimedz/Desktop/Raffi/afterschool/hemsidor/ALNAHRAYN_Fisk_Iraqi_Fire_Edition/node_modules/.typed-array-length-ET0B9YKd',
306 silly reify   '/Users/raffimedz/Desktop/Raffi/afterschool/hemsidor/ALNAHRAYN_Fisk_Iraqi_Fire_Edition/node_modules/update-browserslist-db': '/Users/raffimedz/Desktop/Raffi/afterschool/hemsidor/ALNAHRAYN_Fisk_Iraqi_Fire_Edition/node_modules/.update-browserslist-db-swTyarsE',
306 silly reify   '/Users/raffimedz/Desktop/Raffi/afterschool/hemsidor/ALNAHRAYN_Fisk_Iraqi_Fire_Edition/node_modules/.bin/update-browserslist-db': '/Users/raffimedz/Desktop/Raffi/afterschool/hemsidor/ALNAHRAYN_Fisk_Iraqi_Fire_Edition/node_modules/.bin/.update-browserslist-db-ma6mED5F',
306 silly reify   '/Users/raffimedz/Desktop/Raffi/afterschool/hemsidor/ALNAHRAYN_Fisk_Iraqi_Fire_Edition/node_modules/vite-plugin-commonjs': '/Users/raffimedz/Desktop/Raffi/afterschool/hemsidor/ALNAHRAYN_Fisk_Iraqi_Fire_Edition/node_modules/.vite-plugin-commonjs-1l5JzBJP',
306 silly reify   '/Users/raffimedz/Desktop/Raffi/afterschool/hemsidor/ALNAHRAYN_Fisk_Iraqi_Fire_Edition/node_modules/vite-plugin-dynamic-import': '/Users/raffimedz/Desktop/Raffi/afterschool/hemsidor/ALNAHRAYN_Fisk_Iraqi_Fire_Edition/node_modules/.vite-plugin-dynamic-import-ouArntyI',
306 silly reify   '/Users/raffimedz/Desktop/Raffi/afterschool/hemsidor/ALNAHRAYN_Fisk_Iraqi_Fire_Edition/node_modules/vite-tsconfig-paths': '/Users/raffimedz/Desktop/Raffi/afterschool/hemsidor/ALNAHRAYN_Fisk_Iraqi_Fire_Edition/node_modules/.vite-tsconfig-paths-k48Pn7ZZ',
306 silly reify   '/Users/raffimedz/Desktop/Raffi/afterschool/hemsidor/ALNAHRAYN_Fisk_Iraqi_Fire_Edition/node_modules/watchpack': '/Users/raffimedz/Desktop/Raffi/afterschool/hemsidor/ALNAHRAYN_Fisk_Iraqi_Fire_Edition/node_modules/.watchpack-LyHqT1a0',
306 silly reify   '/Users/raffimedz/Desktop/Raffi/afterschool/hemsidor/ALNAHRAYN_Fisk_Iraqi_Fire_Edition/node_modules/vinext': '/Users/raffimedz/Desktop/Raffi/afterschool/hemsidor/ALNAHRAYN_Fisk_Iraqi_Fire_Edition/node_modules/.vinext-sgFWNYM9',
306 silly reify   '/Users/raffimedz/Desktop/Raffi/afterschool/hemsidor/ALNAHRAYN_Fisk_Iraqi_Fire_Edition/node_modules/.bin/vinext': '/Users/raffimedz/Desktop/Raffi/afterschool/hemsidor/ALNAHRAYN_Fisk_Iraqi_Fire_Edition/node_modules/.bin/.vinext-hRljdiFf',
306 silly reify   '/Users/raffimedz/Desktop/Raffi/afterschool/hemsidor/ALNAHRAYN_Fisk_Iraqi_Fire_Edition/node_modules/webpack': '/Users/raffimedz/Desktop/Raffi/afterschool/hemsidor/ALNAHRAYN_Fisk_Iraqi_Fire_Edition/node_modules/.webpack-qDwPeAu5',
306 silly reify   '/Users/raffimedz/Desktop/Raffi/afterschool/hemsidor/ALNAHRAYN_Fisk_Iraqi_Fire_Edition/node_modules/.bin/webpack': '/Users/raffimedz/Desktop/Raffi/afterschool/hemsidor/ALNAHRAYN_Fisk_Iraqi_Fire_Edition/node_modules/.bin/.webpack-QAS2gQab',
306 silly reify   '/Users/raffimedz/Desktop/Raffi/afterschool/hemsidor/ALNAHRAYN_Fisk_Iraqi_Fire_Edition/node_modules/web-vitals': '/Users/raffimedz/Desktop/Raffi/afterschool/hemsidor/ALNAHRAYN_Fisk_Iraqi_Fire_Edition/node_modules/.web-vitals-mr6H7pFf',
306 silly reify   '/Users/raffimedz/Desktop/Raffi/afterschool/hemsidor/ALNAHRAYN_Fisk_Iraqi_Fire_Edition/node_modules/webpack-sources': '/Users/raffimedz/Desktop/Raffi/afterschool/hemsidor/ALNAHRAYN_Fisk_Iraqi_Fire_Edition/node_modules/.webpack-sources-5eB3x2Er',
306 silly reify   '/Users/raffimedz/Desktop/Raffi/afterschool/hemsidor/ALNAHRAYN_Fisk_Iraqi_Fire_Edition/node_modules/which-boxed-primitive': '/Users/raffimedz/Desktop/Raffi/afterschool/hemsidor/ALNAHRAYN_Fisk_Iraqi_Fire_Edition/node_modules/.which-boxed-primitive-OLWPspu6',
306 silly reify   '/Users/raffimedz/Desktop/Raffi/afterschool/hemsidor/ALNAHRAYN_Fisk_Iraqi_Fire_Edition/node_modules/which-builtin-type': '/Users/raffimedz/Desktop/Raffi/afterschool/hemsidor/ALNAHRAYN_Fisk_Iraqi_Fire_Edition/node_modules/.which-builtin-type-Nn0K7eBT',
306 silly reify   '/Users/raffimedz/Desktop/Raffi/afterschool/hemsidor/ALNAHRAYN_Fisk_Iraqi_Fire_Edition/node_modules/which-typed-array': '/Users/raffimedz/Desktop/Raffi/afterschool/hemsidor/ALNAHRAYN_Fisk_Iraqi_Fire_Edition/node_modules/.which-typed-array-wvuasO6N',
306 silly reify   '/Users/raffimedz/Desktop/Raffi/afterschool/hemsidor/ALNAHRAYN_Fisk_Iraqi_Fire_Edition/node_modules/which-collection': '/Users/raffimedz/Desktop/Raffi/afterschool/hemsidor/ALNAHRAYN_Fisk_Iraqi_Fire_Edition/node_modules/.which-collection-4VYdLA6M',
306 silly reify   '/Users/raffimedz/Desktop/Raffi/afterschool/hemsidor/ALNAHRAYN_Fisk_Iraqi_Fire_Edition/node_modules/zod-validation-error': '/Users/raffimedz/Desktop/Raffi/afterschool/hemsidor/ALNAHRAYN_Fisk_Iraqi_Fire_Edition/node_modules/.zod-validation-error-OWhoWbrc',
306 silly reify   '/Users/raffimedz/Desktop/Raffi/afterschool/hemsidor/ALNAHRAYN_Fisk_Iraqi_Fire_Edition/node_modules/yallist': '/Users/raffimedz/Desktop/Raffi/afterschool/hemsidor/ALNAHRAYN_Fisk_Iraqi_Fire_Edition/node_modules/.yallist-XJOM3Pgv',
306 silly reify   '/Users/raffimedz/Desktop/Raffi/afterschool/hemsidor/ALNAHRAYN_Fisk_Iraqi_Fire_Edition/node_modules/@babel/code-frame': '/Users/raffimedz/Desktop/Raffi/afterschool/hemsidor/ALNAHRAYN_Fisk_Iraqi_Fire_Edition/node_modules/@babel/.code-frame-SdxxDEqh',
306 silly reify   '/Users/raffimedz/Desktop/Raffi/afterschool/hemsidor/ALNAHRAYN_Fisk_Iraqi_Fire_Edition/node_modules/yoga-layout': '/Users/raffimedz/Desktop/Raffi/afterschool/hemsidor/ALNAHRAYN_Fisk_Iraqi_Fire_Edition/node_modules/.yoga-layout-tGN0uAAh',
306 silly reify   '/Users/raffimedz/Desktop/Raffi/afterschool/hemsidor/ALNAHRAYN_Fisk_Iraqi_Fire_Edition/node_modules/@babel/compat-data': '/Users/raffimedz/Desktop/Raffi/afterschool/hemsidor/ALNAHRAYN_Fisk_Iraqi_Fire_Edition/node_modules/@babel/.compat-data-CCJTKM99',
306 silly reify   '/Users/raffimedz/Desktop/Raffi/afterschool/hemsidor/ALNAHRAYN_Fisk_Iraqi_Fire_Edition/node_modules/@babel/core': '/Users/raffimedz/Desktop/Raffi/afterschool/hemsidor/ALNAHRAYN_Fisk_Iraqi_Fire_Edition/node_modules/@babel/.core-2FcmmfU5',
306 silly reify   '/Users/raffimedz/Desktop/Raffi/afterschool/hemsidor/ALNAHRAYN_Fisk_Iraqi_Fire_Edition/node_modules/@babel/generator': '/Users/raffimedz/Desktop/Raffi/afterschool/hemsidor/ALNAHRAYN_Fisk_Iraqi_Fire_Edition/node_modules/@babel/.generator-CJXzrY78',
306 silly reify   '/Users/raffimedz/Desktop/Raffi/afterschool/hemsidor/ALNAHRAYN_Fisk_Iraqi_Fire_Edition/node_modules/@babel/helper-module-imports': '/Users/raffimedz/Desktop/Raffi/afterschool/hemsidor/ALNAHRAYN_Fisk_Iraqi_Fire_Edition/node_modules/@babel/.helper-module-imports-upk0ZqZK',
306 silly reify   '/Users/raffimedz/Desktop/Raffi/afterschool/hemsidor/ALNAHRAYN_Fisk_Iraqi_Fire_Edition/node_modules/@babel/helper-validator-identifier': '/Users/raffimedz/Desktop/Raffi/afterschool/hemsidor/ALNAHRAYN_Fisk_Iraqi_Fire_Edition/node_modules/@babel/.helper-validator-identifier-CY0HWNaT',
306 silly reify   '/Users/raffimedz/Desktop/Raffi/afterschool/hemsidor/ALNAHRAYN_Fisk_Iraqi_Fire_Edition/node_modules/@babel/helper-compilation-targets': '/Users/raffimedz/Desktop/Raffi/afterschool/hemsidor/ALNAHRAYN_Fisk_Iraqi_Fire_Edition/node_modules/@babel/.helper-compilation-targets-H0X60etP',
306 silly reify   '/Users/raffimedz/Desktop/Raffi/afterschool/hemsidor/ALNAHRAYN_Fisk_Iraqi_Fire_Edition/node_modules/@babel/helper-string-parser': '/Users/raffimedz/Desktop/Raffi/afterschool/hemsidor/ALNAHRAYN_Fisk_Iraqi_Fire_Edition/node_modules/@babel/.helper-string-parser-Jn5o1X9U',
306 silly reify   '/Users/raffimedz/Desktop/Raffi/afterschool/hemsidor/ALNAHRAYN_Fisk_Iraqi_Fire_Edition/node_modules/@babel/helper-validator-option': '/Users/raffimedz/Desktop/Raffi/afterschool/hemsidor/ALNAHRAYN_Fisk_Iraqi_Fire_Edition/node_modules/@babel/.helper-validator-option-NvPFZao4',
306 silly reify   '/Users/raffimedz/Desktop/Raffi/afterschool/hemsidor/ALNAHRAYN_Fisk_Iraqi_Fire_Edition/node_modules/@babel/helper-module-transforms': '/Users/raffimedz/Desktop/Raffi/afterschool/hemsidor/ALNAHRAYN_Fisk_Iraqi_Fire_Edition/node_modules/@babel/.helper-module-transforms-7jaRWNqc',
306 silly reify   '/Users/raffimedz/Desktop/Raffi/afterschool/hemsidor/ALNAHRAYN_Fisk_Iraqi_Fire_Edition/node_modules/@babel/helpers': '/Users/raffimedz/Desktop/Raffi/afterschool/hemsidor/ALNAHRAYN_Fisk_Iraqi_Fire_Edition/node_modules/@babel/.helpers-HHsQdyVy',
306 silly reify   '/Users/raffimedz/Desktop/Raffi/afterschool/hemsidor/ALNAHRAYN_Fisk_Iraqi_Fire_Edition/node_modules/@babel/parser': '/Users/raffimedz/Desktop/Raffi/afterschool/hemsidor/ALNAHRAYN_Fisk_Iraqi_Fire_Edition/node_modules/@babel/.parser-fEIM7saP',
306 silly reify   '/Users/raffimedz/Desktop/Raffi/afterschool/hemsidor/ALNAHRAYN_Fisk_Iraqi_Fire_Edition/node_modules/.bin/parser': '/Users/raffimedz/Desktop/Raffi/afterschool/hemsidor/ALNAHRAYN_Fisk_Iraqi_Fire_Edition/node_modules/.bin/.parser-5q1NKHb8',
306 silly reify   '/Users/raffimedz/Desktop/Raffi/afterschool/hemsidor/ALNAHRAYN_Fisk_Iraqi_Fire_Edition/node_modules/@babel/template': '/Users/raffimedz/Desktop/Raffi/afterschool/hemsidor/ALNAHRAYN_Fisk_Iraqi_Fire_Edition/node_modules/@babel/.template-pFFQmXuY',
306 silly reify   '/Users/raffimedz/Desktop/Raffi/afterschool/hemsidor/ALNAHRAYN_Fisk_Iraqi_Fire_Edition/node_modules/@babel/traverse': '/Users/raffimedz/Desktop/Raffi/afterschool/hemsidor/ALNAHRAYN_Fisk_Iraqi_Fire_Edition/node_modules/@babel/.traverse-VkbwIlYg',
306 silly reify   '/Users/raffimedz/Desktop/Raffi/afterschool/hemsidor/ALNAHRAYN_Fisk_Iraqi_Fire_Edition/node_modules/@babel/helper-globals': '/Users/raffimedz/Desktop/Raffi/afterschool/hemsidor/ALNAHRAYN_Fisk_Iraqi_Fire_Edition/node_modules/@babel/.helper-globals-lTkZw5cM',
306 silly reify   '/Users/raffimedz/Desktop/Raffi/afterschool/hemsidor/ALNAHRAYN_Fisk_Iraqi_Fire_Edition/node_modules/@babel/types': '/Users/raffimedz/Desktop/Raffi/afterschool/hemsidor/ALNAHRAYN_Fisk_Iraqi_Fire_Edition/node_modules/@babel/.types-dRvu3KDP',
306 silly reify   '/Users/raffimedz/Desktop/Raffi/afterschool/hemsidor/ALNAHRAYN_Fisk_Iraqi_Fire_Edition/node_modules/@emnapi/core': '/Users/raffimedz/Desktop/Raffi/afterschool/hemsidor/ALNAHRAYN_Fisk_Iraqi_Fire_Edition/node_modules/@emnapi/.core-ZX8ihrOY',
306 silly reify   '/Users/raffimedz/Desktop/Raffi/afterschool/hemsidor/ALNAHRAYN_Fisk_Iraqi_Fire_Edition/node_modules/@emnapi/wasi-threads': '/Users/raffimedz/Desktop/Raffi/afterschool/hemsidor/ALNAHRAYN_Fisk_Iraqi_Fire_Edition/node_modules/@emnapi/.wasi-threads-eMq3KQFs',
306 silly reify   '/Users/raffimedz/Desktop/Raffi/afterschool/hemsidor/ALNAHRAYN_Fisk_Iraqi_Fire_Edition/node_modules/@jridgewell/source-map': '/Users/raffimedz/Desktop/Raffi/afterschool/hemsidor/ALNAHRAYN_Fisk_Iraqi_Fire_Edition/node_modules/@jridgewell/.source-map-0NOBe6qy',
306 silly reify   '/Users/raffimedz/Desktop/Raffi/afterschool/hemsidor/ALNAHRAYN_Fisk_Iraqi_Fire_Edition/node_modules/@next/env': '/Users/raffimedz/Desktop/Raffi/afterschool/hemsidor/ALNAHRAYN_Fisk_Iraqi_Fire_Edition/node_modules/@next/.env-eNu2J7N9',
306 silly reify   '/Users/raffimedz/Desktop/Raffi/afterschool/hemsidor/ALNAHRAYN_Fisk_Iraqi_Fire_Edition/node_modules/@next/swc-darwin-arm64': '/Users/raffimedz/Desktop/Raffi/afterschool/hemsidor/ALNAHRAYN_Fisk_Iraqi_Fire_Edition/node_modules/@next/.swc-darwin-arm64-IXuWhc6c',
306 silly reify   '/Users/raffimedz/Desktop/Raffi/afterschool/hemsidor/ALNAHRAYN_Fisk_Iraqi_Fire_Edition/node_modules/@nodelib/fs.walk': '/Users/raffimedz/Desktop/Raffi/afterschool/hemsidor/ALNAHRAYN_Fisk_Iraqi_Fire_Edition/node_modules/@nodelib/.fs.walk-T3qsChem',
306 silly reify   '/Users/raffimedz/Desktop/Raffi/afterschool/hemsidor/ALNAHRAYN_Fisk_Iraqi_Fire_Edition/node_modules/@nodelib/fs.scandir': '/Users/raffimedz/Desktop/Raffi/afterschool/hemsidor/ALNAHRAYN_Fisk_Iraqi_Fire_Edition/node_modules/@nodelib/.fs.scandir-tlBgMgqZ',
306 silly reify   '/Users/raffimedz/Desktop/Raffi/afterschool/hemsidor/ALNAHRAYN_Fisk_Iraqi_Fire_Edition/node_modules/@next/eslint-plugin-next': '/Users/raffimedz/Desktop/Raffi/afterschool/hemsidor/ALNAHRAYN_Fisk_Iraqi_Fire_Edition/node_modules/@next/.eslint-plugin-next-H4l3LOan',
306 silly reify   '/Users/raffimedz/Desktop/Raffi/afterschool/hemsidor/ALNAHRAYN_Fisk_Iraqi_Fire_Edition/node_modules/@nodelib/fs.stat': '/Users/raffimedz/Desktop/Raffi/afterschool/hemsidor/ALNAHRAYN_Fisk_Iraqi_Fire_Edition/node_modules/@nodelib/.fs.stat-RQXMJ80b',
306 silly reify   '/Users/raffimedz/Desktop/Raffi/afterschool/hemsidor/ALNAHRAYN_Fisk_Iraqi_Fire_Edition/node_modules/@nolyfill/is-core-module': '/Users/raffimedz/Desktop/Raffi/afterschool/hemsidor/ALNAHRAYN_Fisk_Iraqi_Fire_Edition/node_modules/@nolyfill/.is-core-module-mx0KybYX',
306 silly reify   '/Users/raffimedz/Desktop/Raffi/afterschool/hemsidor/ALNAHRAYN_Fisk_Iraqi_Fire_Edition/node_modules/@rtsao/scc': '/Users/raffimedz/Desktop/Raffi/afterschool/hemsidor/ALNAHRAYN_Fisk_Iraqi_Fire_Edition/node_modules/@rtsao/.scc-a3WwXPXS',
306 silly reify   '/Users/raffimedz/Desktop/Raffi/afterschool/hemsidor/ALNAHRAYN_Fisk_Iraqi_Fire_Edition/node_modules/@shuding/opentype.js': '/Users/raffimedz/Desktop/Raffi/afterschool/hemsidor/ALNAHRAYN_Fisk_Iraqi_Fire_Edition/node_modules/@shuding/.opentype.js-oe0G4doY',
306 silly reify   '/Users/raffimedz/Desktop/Raffi/afterschool/hemsidor/ALNAHRAYN_Fisk_Iraqi_Fire_Edition/node_modules/.bin/ot': '/Users/raffimedz/Desktop/Raffi/afterschool/hemsidor/ALNAHRAYN_Fisk_Iraqi_Fire_Edition/node_modules/.bin/.ot-MJ4zxuM3',
306 silly reify   '/Users/raffimedz/Desktop/Raffi/afterschool/hemsidor/ALNAHRAYN_Fisk_Iraqi_Fire_Edition/node_modules/@resvg/resvg-wasm': '/Users/raffimedz/Desktop/Raffi/afterschool/hemsidor/ALNAHRAYN_Fisk_Iraqi_Fire_Edition/node_modules/@resvg/.resvg-wasm-Z46dMQo3',
306 silly reify   '/Users/raffimedz/Desktop/Raffi/afterschool/hemsidor/ALNAHRAYN_Fisk_Iraqi_Fire_Edition/node_modules/@swc/helpers': '/Users/raffimedz/Desktop/Raffi/afterschool/hemsidor/ALNAHRAYN_Fisk_Iraqi_Fire_Edition/node_modules/@swc/.helpers-6GzvyF3I',
306 silly reify   '/Users/raffimedz/Desktop/Raffi/afterschool/hemsidor/ALNAHRAYN_Fisk_Iraqi_Fire_Edition/node_modules/@tybys/wasm-util': '/Users/raffimedz/Desktop/Raffi/afterschool/hemsidor/ALNAHRAYN_Fisk_Iraqi_Fire_Edition/node_modules/@tybys/.wasm-util-WBgLiNhh',
306 silly reify   '/Users/raffimedz/Desktop/Raffi/afterschool/hemsidor/ALNAHRAYN_Fisk_Iraqi_Fire_Edition/node_modules/@types/eslint': '/Users/raffimedz/Desktop/Raffi/afterschool/hemsidor/ALNAHRAYN_Fisk_Iraqi_Fire_Edition/node_modules/@types/.eslint-5o4rgp8F',
306 silly reify   '/Users/raffimedz/Desktop/Raffi/afterschool/hemsidor/ALNAHRAYN_Fisk_Iraqi_Fire_Edition/node_modules/@types/json5': '/Users/raffimedz/Desktop/Raffi/afterschool/hemsidor/ALNAHRAYN_Fisk_Iraqi_Fire_Edition/node_modules/@types/.json5-jiK5LQd8',
306 silly reify   '/Users/raffimedz/Desktop/Raffi/afterschool/hemsidor/ALNAHRAYN_Fisk_Iraqi_Fire_Edition/node_modules/@typescript-eslint/project-service': '/Users/raffimedz/Desktop/Raffi/afterschool/hemsidor/ALNAHRAYN_Fisk_Iraqi_Fire_Edition/node_modules/@typescript-eslint/.project-service-XVyiAqLd',
306 silly reify   '/Users/raffimedz/Desktop/Raffi/afterschool/hemsidor/ALNAHRAYN_Fisk_Iraqi_Fire_Edition/node_modules/@typescript-eslint/parser': '/Users/raffimedz/Desktop/Raffi/afterschool/hemsidor/ALNAHRAYN_Fisk_Iraqi_Fire_Edition/node_modules/@typescript-eslint/.parser-awtjxKbq',
306 silly reify   '/Users/raffimedz/Desktop/Raffi/afterschool/hemsidor/ALNAHRAYN_Fisk_Iraqi_Fire_Edition/node_modules/@typescript-eslint/eslint-plugin': '/Users/raffimedz/Desktop/Raffi/afterschool/hemsidor/ALNAHRAYN_Fisk_Iraqi_Fire_Edition/node_modules/@typescript-eslint/.eslint-plugin-BW2rLs3o',
306 silly reify   '/Users/raffimedz/Desktop/Raffi/afterschool/hemsidor/ALNAHRAYN_Fisk_Iraqi_Fire_Edition/node_modules/@typescript-eslint/tsconfig-utils': '/Users/raffimedz/Desktop/Raffi/afterschool/hemsidor/ALNAHRAYN_Fisk_Iraqi_Fire_Edition/node_modules/@typescript-eslint/.tsconfig-utils-rBeQcI2x',
306 silly reify   '/Users/raffimedz/Desktop/Raffi/afterschool/hemsidor/ALNAHRAYN_Fisk_Iraqi_Fire_Edition/node_modules/@types/eslint-scope': '/Users/raffimedz/Desktop/Raffi/afterschool/hemsidor/ALNAHRAYN_Fisk_Iraqi_Fire_Edition/node_modules/@types/.eslint-scope-MoN4Ohmw',
306 silly reify   '/Users/raffimedz/Desktop/Raffi/afterschool/hemsidor/ALNAHRAYN_Fisk_Iraqi_Fire_Edition/node_modules/@typescript-eslint/type-utils': '/Users/raffimedz/Desktop/Raffi/afterschool/hemsidor/ALNAHRAYN_Fisk_Iraqi_Fire_Edition/node_modules/@typescript-eslint/.type-utils-ciTv9RWG',
306 silly reify   '/Users/raffimedz/Desktop/Raffi/afterschool/hemsidor/ALNAHRAYN_Fisk_Iraqi_Fire_Edition/node_modules/@typescript-eslint/utils': '/Users/raffimedz/Desktop/Raffi/afterschool/hemsidor/ALNAHRAYN_Fisk_Iraqi_Fire_Edition/node_modules/@typescript-eslint/.utils-BdRj7tgw',
306 silly reify   '/Users/raffimedz/Desktop/Raffi/afterschool/hemsidor/ALNAHRAYN_Fisk_Iraqi_Fire_Edition/node_modules/@typescript-eslint/typescript-estree': '/Users/raffimedz/Desktop/Raffi/afterschool/hemsidor/ALNAHRAYN_Fisk_Iraqi_Fire_Edition/node_modules/@typescript-eslint/.typescript-estree-LxPTO4Wf',
306 silly reify   '/Users/raffimedz/Desktop/Raffi/afterschool/hemsidor/ALNAHRAYN_Fisk_Iraqi_Fire_Edition/node_modules/@typescript-eslint/visitor-keys': '/Users/raffimedz/Desktop/Raffi/afterschool/hemsidor/ALNAHRAYN_Fisk_Iraqi_Fire_Edition/node_modules/@typescript-eslint/.visitor-keys-f67f9YDC',
306 silly reify   '/Users/raffimedz/Desktop/Raffi/afterschool/hemsidor/ALNAHRAYN_Fisk_Iraqi_Fire_Edition/node_modules/@typescript-eslint/types': '/Users/raffimedz/Desktop/Raffi/afterschool/hemsidor/ALNAHRAYN_Fisk_Iraqi_Fire_Edition/node_modules/@typescript-eslint/.types-HxzrHL2R',
306 silly reify   '/Users/raffimedz/Desktop/Raffi/afterschool/hemsidor/ALNAHRAYN_Fisk_Iraqi_Fire_Edition/node_modules/@unpic/core': '/Users/raffimedz/Desktop/Raffi/afterschool/hemsidor/ALNAHRAYN_Fisk_Iraqi_Fire_Edition/node_modules/@unpic/.core-1oIVKeM6',
306 silly reify   '/Users/raffimedz/Desktop/Raffi/afterschool/hemsidor/ALNAHRAYN_Fisk_Iraqi_Fire_Edition/node_modules/@unpic/react': '/Users/raffimedz/Desktop/Raffi/afterschool/hemsidor/ALNAHRAYN_Fisk_Iraqi_Fire_Edition/node_modules/@unpic/.react-bOB0yVgC',
306 silly reify   '/Users/raffimedz/Desktop/Raffi/afterschool/hemsidor/ALNAHRAYN_Fisk_Iraqi_Fire_Edition/node_modules/@webassemblyjs/ast': '/Users/raffimedz/Desktop/Raffi/afterschool/hemsidor/ALNAHRAYN_Fisk_Iraqi_Fire_Edition/node_modules/@webassemblyjs/.ast-luQiqEWy',
306 silly reify   '/Users/raffimedz/Desktop/Raffi/afterschool/hemsidor/ALNAHRAYN_Fisk_Iraqi_Fire_Edition/node_modules/@unrs/resolver-binding-darwin-arm64': '/Users/raffimedz/Desktop/Raffi/afterschool/hemsidor/ALNAHRAYN_Fisk_Iraqi_Fire_Edition/node_modules/@unrs/.resolver-binding-darwin-arm64-Nsx2kSYv',
306 silly reify   '/Users/raffimedz/Desktop/Raffi/afterschool/hemsidor/ALNAHRAYN_Fisk_Iraqi_Fire_Edition/node_modules/@vercel/og': '/Users/raffimedz/Desktop/Raffi/afterschool/hemsidor/ALNAHRAYN_Fisk_Iraqi_Fire_Edition/node_modules/@vercel/.og-1GxzsTBw',
306 silly reify   '/Users/raffimedz/Desktop/Raffi/afterschool/hemsidor/ALNAHRAYN_Fisk_Iraqi_Fire_Edition/node_modules/@webassemblyjs/helper-api-error': '/Users/raffimedz/Desktop/Raffi/afterschool/hemsidor/ALNAHRAYN_Fisk_Iraqi_Fire_Edition/node_modules/@webassemblyjs/.helper-api-error-c8Shlt33',
306 silly reify   '/Users/raffimedz/Desktop/Raffi/afterschool/hemsidor/ALNAHRAYN_Fisk_Iraqi_Fire_Edition/node_modules/@webassemblyjs/helper-buffer': '/Users/raffimedz/Desktop/Raffi/afterschool/hemsidor/ALNAHRAYN_Fisk_Iraqi_Fire_Edition/node_modules/@webassemblyjs/.helper-buffer-9Nb7Swu7',
306 silly reify   '/Users/raffimedz/Desktop/Raffi/afterschool/hemsidor/ALNAHRAYN_Fisk_Iraqi_Fire_Edition/node_modules/@typescript-eslint/scope-manager': '/Users/raffimedz/Desktop/Raffi/afterschool/hemsidor/ALNAHRAYN_Fisk_Iraqi_Fire_Edition/node_modules/@typescript-eslint/.scope-manager-tM4DQ64f',
306 silly reify   '/Users/raffimedz/Desktop/Raffi/afterschool/hemsidor/ALNAHRAYN_Fisk_Iraqi_Fire_Edition/node_modules/@webassemblyjs/ieee754': '/Users/raffimedz/Desktop/Raffi/afterschool/hemsidor/ALNAHRAYN_Fisk_Iraqi_Fire_Edition/node_modules/@webassemblyjs/.ieee754-wjglnN2U',
306 silly reify   '/Users/raffimedz/Desktop/Raffi/afterschool/hemsidor/ALNAHRAYN_Fisk_Iraqi_Fire_Edition/node_modules/@webassemblyjs/floating-point-hex-parser': '/Users/raffimedz/Desktop/Raffi/afterschool/hemsidor/ALNAHRAYN_Fisk_Iraqi_Fire_Edition/node_modules/@webassemblyjs/.floating-point-hex-parser-PMv5OfPv',
306 silly reify   '/Users/raffimedz/Desktop/Raffi/afterschool/hemsidor/ALNAHRAYN_Fisk_Iraqi_Fire_Edition/node_modules/@webassemblyjs/leb128': '/Users/raffimedz/Desktop/Raffi/afterschool/hemsidor/ALNAHRAYN_Fisk_Iraqi_Fire_Edition/node_modules/@webassemblyjs/.leb128-xiIHS0Br',
306 silly reify   '/Users/raffimedz/Desktop/Raffi/afterschool/hemsidor/ALNAHRAYN_Fisk_Iraqi_Fire_Edition/node_modules/@webassemblyjs/wasm-edit': '/Users/raffimedz/Desktop/Raffi/afterschool/hemsidor/ALNAHRAYN_Fisk_Iraqi_Fire_Edition/node_modules/@webassemblyjs/.wasm-edit-bPKBmUHS',
306 silly reify   '/Users/raffimedz/Desktop/Raffi/afterschool/hemsidor/ALNAHRAYN_Fisk_Iraqi_Fire_Edition/node_modules/@webassemblyjs/helper-wasm-section': '/Users/raffimedz/Desktop/Raffi/afterschool/hemsidor/ALNAHRAYN_Fisk_Iraqi_Fire_Edition/node_modules/@webassemblyjs/.helper-wasm-section-E4zJ6PIx',
306 silly reify   '/Users/raffimedz/Desktop/Raffi/afterschool/hemsidor/ALNAHRAYN_Fisk_Iraqi_Fire_Edition/node_modules/@webassemblyjs/utf8': '/Users/raffimedz/Desktop/Raffi/afterschool/hemsidor/ALNAHRAYN_Fisk_Iraqi_Fire_Edition/node_modules/@webassemblyjs/.utf8-EK9zWCfj',
306 silly reify   '/Users/raffimedz/Desktop/Raffi/afterschool/hemsidor/ALNAHRAYN_Fisk_Iraqi_Fire_Edition/node_modules/@webassemblyjs/helper-numbers': '/Users/raffimedz/Desktop/Raffi/afterschool/hemsidor/ALNAHRAYN_Fisk_Iraqi_Fire_Edition/node_modules/@webassemblyjs/.helper-numbers-VbPWS61v',
306 silly reify   '/Users/raffimedz/Desktop/Raffi/afterschool/hemsidor/ALNAHRAYN_Fisk_Iraqi_Fire_Edition/node_modules/@webassemblyjs/helper-wasm-bytecode': '/Users/raffimedz/Desktop/Raffi/afterschool/hemsidor/ALNAHRAYN_Fisk_Iraqi_Fire_Edition/node_modules/@webassemblyjs/.helper-wasm-bytecode-SOh6xnqA',
306 silly reify   '/Users/raffimedz/Desktop/Raffi/afterschool/hemsidor/ALNAHRAYN_Fisk_Iraqi_Fire_Edition/node_modules/@webassemblyjs/wasm-opt': '/Users/raffimedz/Desktop/Raffi/afterschool/hemsidor/ALNAHRAYN_Fisk_Iraqi_Fire_Edition/node_modules/@webassemblyjs/.wasm-opt-qD0GYuTM',
306 silly reify   '/Users/raffimedz/Desktop/Raffi/afterschool/hemsidor/ALNAHRAYN_Fisk_Iraqi_Fire_Edition/node_modules/@webassemblyjs/wasm-parser': '/Users/raffimedz/Desktop/Raffi/afterschool/hemsidor/ALNAHRAYN_Fisk_Iraqi_Fire_Edition/node_modules/@webassemblyjs/.wasm-parser-TPReNduP',
306 silly reify   '/Users/raffimedz/Desktop/Raffi/afterschool/hemsidor/ALNAHRAYN_Fisk_Iraqi_Fire_Edition/node_modules/@webassemblyjs/wast-printer': '/Users/raffimedz/Desktop/Raffi/afterschool/hemsidor/ALNAHRAYN_Fisk_Iraqi_Fire_Edition/node_modules/@webassemblyjs/.wast-printer-NSo0qP1r',
306 silly reify   '/Users/raffimedz/Desktop/Raffi/afterschool/hemsidor/ALNAHRAYN_Fisk_Iraqi_Fire_Edition/node_modules/@webassemblyjs/wasm-gen': '/Users/raffimedz/Desktop/Raffi/afterschool/hemsidor/ALNAHRAYN_Fisk_Iraqi_Fire_Edition/node_modules/@webassemblyjs/.wasm-gen-LTySkAAo',
306 silly reify   '/Users/raffimedz/Desktop/Raffi/afterschool/hemsidor/ALNAHRAYN_Fisk_Iraqi_Fire_Edition/node_modules/@xtuc/long': '/Users/raffimedz/Desktop/Raffi/afterschool/hemsidor/ALNAHRAYN_Fisk_Iraqi_Fire_Edition/node_modules/@xtuc/.long-lNjoqWY6',
306 silly reify   '/Users/raffimedz/Desktop/Raffi/afterschool/hemsidor/ALNAHRAYN_Fisk_Iraqi_Fire_Edition/node_modules/@xtuc/ieee754': '/Users/raffimedz/Desktop/Raffi/afterschool/hemsidor/ALNAHRAYN_Fisk_Iraqi_Fire_Edition/node_modules/@xtuc/.ieee754-sl2DBffu'
306 silly reify }
307 silly REMOVE node_modules/@xtuc/ieee754
308 silly REMOVE node_modules/@xtuc/long
309 silly REMOVE node_modules/@webassemblyjs/wasm-gen
310 silly REMOVE node_modules/@webassemblyjs/wast-printer
311 silly REMOVE node_modules/@webassemblyjs/wasm-parser
312 silly REMOVE node_modules/@webassemblyjs/wasm-opt
313 silly REMOVE node_modules/@webassemblyjs/helper-wasm-bytecode
314 silly REMOVE node_modules/@webassemblyjs/helper-numbers
315 silly REMOVE node_modules/@webassemblyjs/utf8
316 silly REMOVE node_modules/@webassemblyjs/helper-wasm-section
317 silly REMOVE node_modules/@webassemblyjs/wasm-edit
318 silly REMOVE node_modules/@webassemblyjs/leb128
319 silly REMOVE node_modules/@webassemblyjs/floating-point-hex-parser
320 silly REMOVE node_modules/@webassemblyjs/ieee754
321 silly REMOVE node_modules/@typescript-eslint/scope-manager
322 silly REMOVE node_modules/@webassemblyjs/helper-buffer
323 silly REMOVE node_modules/@webassemblyjs/helper-api-error
324 silly REMOVE node_modules/@vercel/og
325 silly REMOVE node_modules/@unrs/resolver-binding-darwin-arm64
326 silly REMOVE node_modules/@webassemblyjs/ast
327 silly REMOVE node_modules/@unpic/react
328 silly REMOVE node_modules/@unpic/core
329 silly REMOVE node_modules/@typescript-eslint/types
330 silly REMOVE node_modules/@typescript-eslint/visitor-keys
331 silly REMOVE node_modules/@typescript-eslint/visitor-keys/node_modules/eslint-visitor-keys
332 silly REMOVE node_modules/@typescript-eslint/typescript-estree
333 silly REMOVE node_modules/@typescript-eslint/typescript-estree/node_modules/minimatch
334 silly REMOVE node_modules/@typescript-eslint/typescript-estree/node_modules/balanced-match
335 silly REMOVE node_modules/@typescript-eslint/typescript-estree/node_modules/semver
336 silly REMOVE node_modules/@typescript-eslint/typescript-estree/node_modules/brace-expansion
337 silly REMOVE node_modules/@typescript-eslint/utils
338 silly REMOVE node_modules/@typescript-eslint/type-utils
339 silly REMOVE node_modules/@types/eslint-scope
340 silly REMOVE node_modules/@typescript-eslint/tsconfig-utils
341 silly REMOVE node_modules/@typescript-eslint/eslint-plugin
342 silly REMOVE node_modules/@typescript-eslint/eslint-plugin/node_modules/ignore
343 silly REMOVE node_modules/@typescript-eslint/parser
344 silly REMOVE node_modules/@typescript-eslint/project-service
345 silly REMOVE node_modules/@types/json5
346 silly REMOVE node_modules/@types/eslint
347 silly REMOVE node_modules/@tybys/wasm-util
348 silly REMOVE node_modules/@swc/helpers
349 silly REMOVE node_modules/@resvg/resvg-wasm
350 silly REMOVE node_modules/@shuding/opentype.js
351 silly REMOVE node_modules/@rtsao/scc
352 silly REMOVE node_modules/@nolyfill/is-core-module
353 silly REMOVE node_modules/@nodelib/fs.stat
354 silly REMOVE node_modules/@next/eslint-plugin-next
355 silly REMOVE node_modules/@nodelib/fs.scandir
356 silly REMOVE node_modules/@nodelib/fs.walk
357 silly REMOVE node_modules/@next/swc-darwin-arm64
358 silly REMOVE node_modules/@next/env
359 silly REMOVE node_modules/@jridgewell/source-map
360 silly REMOVE node_modules/@emnapi/wasi-threads
361 silly REMOVE node_modules/@emnapi/core
362 silly REMOVE node_modules/@babel/types
363 silly REMOVE node_modules/@babel/helper-globals
364 silly REMOVE node_modules/@babel/traverse
365 silly REMOVE node_modules/@babel/template
366 silly REMOVE node_modules/@babel/parser
367 silly REMOVE node_modules/@babel/helpers
368 silly REMOVE node_modules/@babel/helper-module-transforms
369 silly REMOVE node_modules/@babel/helper-validator-option
370 silly REMOVE node_modules/@babel/helper-string-parser
371 silly REMOVE node_modules/@babel/helper-compilation-targets
372 silly REMOVE node_modules/@babel/helper-validator-identifier
373 silly REMOVE node_modules/@babel/helper-module-imports
374 silly REMOVE node_modules/@babel/generator
375 silly REMOVE node_modules/@babel/core
376 silly REMOVE node_modules/@babel/compat-data
377 silly REMOVE node_modules/yoga-layout
378 silly REMOVE node_modules/@babel/code-frame
379 silly REMOVE node_modules/yallist
380 silly REMOVE node_modules/zod-validation-error
381 silly REMOVE node_modules/which-collection
382 silly REMOVE node_modules/which-typed-array
383 silly REMOVE node_modules/which-builtin-type
384 silly REMOVE node_modules/which-boxed-primitive
385 silly REMOVE node_modules/webpack-sources
386 silly REMOVE node_modules/web-vitals
387 silly REMOVE node_modules/webpack
388 silly REMOVE node_modules/webpack/node_modules/eslint-scope
389 silly REMOVE node_modules/webpack/node_modules/estraverse
390 silly REMOVE node_modules/vinext
391 silly REMOVE node_modules/watchpack
392 silly REMOVE node_modules/vite-tsconfig-paths
393 silly REMOVE node_modules/vite-plugin-dynamic-import
394 silly REMOVE node_modules/vite-plugin-dynamic-import/node_modules/fast-glob
395 silly REMOVE node_modules/vite-plugin-dynamic-import/node_modules/glob-parent
396 silly REMOVE node_modules/vite-plugin-dynamic-import/node_modules/es-module-lexer
397 silly REMOVE node_modules/vite-plugin-commonjs
398 silly REMOVE node_modules/update-browserslist-db
399 silly REMOVE node_modules/typed-array-length
400 silly REMOVE node_modules/unrs-resolver
401 silly REMOVE node_modules/unpic
402 silly REMOVE node_modules/unicode-trie
403 silly REMOVE node_modules/unbox-primitive
404 silly REMOVE node_modules/typed-array-byte-length
405 silly REMOVE node_modules/typescript-eslint
406 silly REMOVE node_modules/typed-array-byte-offset
407 silly REMOVE node_modules/typed-array-buffer
408 silly REMOVE node_modules/tsconfig-paths
409 silly REMOVE node_modules/tsconfig-paths/node_modules/json5
410 silly REMOVE node_modules/tsconfck
411 silly REMOVE node_modules/ts-api-utils
412 silly REMOVE node_modules/to-regex-range
413 silly REMOVE node_modules/tiny-inflate
414 silly REMOVE node_modules/terser-webpack-plugin
415 silly REMOVE node_modules/terser
416 silly REMOVE node_modules/supports-preserve-symlinks-flag
417 silly REMOVE node_modules/string.prototype.trimend
418 silly REMOVE node_modules/styled-jsx
419 silly REMOVE node_modules/string.prototype.trim
420 silly REMOVE node_modules/strip-bom
421 silly REMOVE node_modules/string.prototype.repeat
422 silly REMOVE node_modules/string.prototype.trimstart
423 silly REMOVE node_modules/string.prototype.includes
424 silly REMOVE node_modules/string.prototype.matchall
425 silly REMOVE node_modules/string.prototype.codepointat
426 silly REMOVE node_modules/stop-iteration-iterator
427 silly REMOVE node_modules/stable-hash
428 silly REMOVE node_modules/side-channel-map
429 silly REMOVE node_modules/side-channel-weakmap
430 silly REMOVE node_modules/side-channel
431 silly REMOVE node_modules/side-channel-list
432 silly REMOVE node_modules/set-proto
433 silly REMOVE node_modules/set-function-name
434 silly REMOVE node_modules/set-function-length
435 silly REMOVE node_modules/semver
436 silly REMOVE node_modules/schema-utils
437 silly REMOVE node_modules/schema-utils/node_modules/ajv-keywords
438 silly REMOVE node_modules/safe-regex-test
439 silly REMOVE node_modules/satori
440 silly REMOVE node_modules/safe-push-apply
441 silly REMOVE node_modules/safe-array-concat
442 silly REMOVE node_modules/run-parallel
443 silly REMOVE node_modules/reusify
444 silly REMOVE node_modules/resolve
445 silly REMOVE node_modules/require-from-string
446 silly REMOVE node_modules/reflect.getprototypeof
447 silly REMOVE node_modules/regexp.prototype.flags
448 silly REMOVE node_modules/react-server-dom-webpack
449 silly REMOVE node_modules/possible-typed-array-names
450 silly REMOVE node_modules/queue-microtask
451 silly REMOVE node_modules/prop-types
452 silly REMOVE node_modules/postcss-value-parser
453 silly REMOVE node_modules/picomatch
454 silly REMOVE node_modules/parse-css-color
455 silly REMOVE node_modules/path-parse
456 silly REMOVE node_modules/pako
457 silly REMOVE node_modules/object.assign
458 silly REMOVE node_modules/own-keys
459 silly REMOVE node_modules/object.groupby
460 silly REMOVE node_modules/object.values
461 silly REMOVE node_modules/object.fromentries
462 silly REMOVE node_modules/object-inspect
463 silly REMOVE node_modules/object.entries
464 silly REMOVE node_modules/object-keys
465 silly REMOVE node_modules/neo-async
466 silly REMOVE node_modules/node-releases
467 silly REMOVE node_modules/object-assign
468 silly REMOVE node_modules/next
469 silly REMOVE node_modules/next/node_modules/postcss
470 silly REMOVE node_modules/node-exports-info
471 silly REMOVE node_modules/napi-postinstall
472 silly REMOVE node_modules/minimist
473 silly REMOVE node_modules/loose-envify
474 silly REMOVE node_modules/mime-db
475 silly REMOVE node_modules/merge2
476 silly REMOVE node_modules/micromatch
477 silly REMOVE node_modules/merge-stream
478 silly REMOVE node_modules/lru-cache
479 silly REMOVE node_modules/math-intrinsics
480 silly REMOVE node_modules/json5
481 silly REMOVE node_modules/language-tags
482 silly REMOVE node_modules/language-subtag-registry
483 silly REMOVE node_modules/loader-runner
484 silly REMOVE node_modules/linebreak
485 silly REMOVE node_modules/jsx-ast-utils
486 silly REMOVE node_modules/json-schema-traverse
487 silly REMOVE node_modules/iterator.prototype
488 silly REMOVE node_modules/jsesc
489 silly REMOVE node_modules/js-tokens
490 silly REMOVE node_modules/jest-worker
491 silly REMOVE node_modules/jest-worker/node_modules/supports-color
492 silly REMOVE node_modules/is-weakset
493 silly REMOVE node_modules/isarray
494 silly REMOVE node_modules/is-symbol
495 silly REMOVE node_modules/is-weakref
496 silly REMOVE node_modules/is-weakmap
497 silly REMOVE node_modules/is-typed-array
498 silly REMOVE node_modules/is-set
499 silly REMOVE node_modules/is-string
500 silly REMOVE node_modules/is-shared-array-buffer
501 silly REMOVE node_modules/is-map
502 silly REMOVE node_modules/is-number
503 silly REMOVE node_modules/is-number-object
504 silly REMOVE node_modules/is-regex
505 silly REMOVE node_modules/is-negative-zero
506 silly REMOVE node_modules/is-generator-function
507 silly REMOVE node_modules/is-core-module
508 silly REMOVE node_modules/is-finalizationregistry
509 silly REMOVE node_modules/is-date-object
510 silly REMOVE node_modules/is-data-view
511 silly REMOVE node_modules/is-callable
512 silly REMOVE node_modules/is-bun-module
513 silly REMOVE node_modules/is-bun-module/node_modules/semver
514 silly REMOVE node_modules/is-boolean-object
515 silly REMOVE node_modules/is-async-function
516 silly REMOVE node_modules/is-array-buffer
517 silly REMOVE node_modules/is-bigint
518 silly REMOVE node_modules/ipaddr.js
519 silly REMOVE node_modules/internal-slot
520 silly REMOVE node_modules/hermes-estree
521 silly REMOVE node_modules/image-size
522 silly REMOVE node_modules/hex-rgb
523 silly REMOVE node_modules/hermes-parser
524 silly REMOVE node_modules/has-tostringtag
525 silly REMOVE node_modules/hasown
526 silly REMOVE node_modules/has-symbols
527 silly REMOVE node_modules/has-bigints
528 silly REMOVE node_modules/has-proto
529 silly REMOVE node_modules/has-property-descriptors
530 silly REMOVE node_modules/gopd
531 silly REMOVE node_modules/get-proto
532 silly REMOVE node_modules/globalthis
533 silly REMOVE node_modules/globrex
534 silly REMOVE node_modules/glob-to-regexp
535 silly REMOVE node_modules/functions-have-names
536 silly REMOVE node_modules/get-symbol-description
537 silly REMOVE node_modules/function.prototype.name
538 silly REMOVE node_modules/get-intrinsic
539 silly REMOVE node_modules/gensync
540 silly REMOVE node_modules/generator-function
541 silly REMOVE node_modules/function-bind
542 silly REMOVE node_modules/for-each
543 silly REMOVE node_modules/fill-range
544 silly REMOVE node_modules/fflate
545 silly REMOVE node_modules/fast-uri
546 silly REMOVE node_modules/fastq
547 silly REMOVE node_modules/fast-glob
548 silly REMOVE node_modules/fast-glob/node_modules/glob-parent
549 silly REMOVE node_modules/events
550 silly REMOVE node_modules/eslint-plugin-react-hooks
551 silly REMOVE node_modules/eslint-plugin-jsx-a11y
552 silly REMOVE node_modules/eslint-plugin-react
553 silly REMOVE node_modules/eslint-module-utils
554 silly REMOVE node_modules/eslint-module-utils/node_modules/debug
555 silly REMOVE node_modules/eslint-plugin-import
556 silly REMOVE node_modules/eslint-plugin-import/node_modules/debug
557 silly REMOVE node_modules/eslint-import-resolver-typescript
558 silly REMOVE node_modules/eslint-import-resolver-node
559 silly REMOVE node_modules/eslint-import-resolver-node/node_modules/debug
560 silly REMOVE node_modules/eslint-config-next
561 silly REMOVE node_modules/eslint-config-next/node_modules/globals
562 silly REMOVE node_modules/es-set-tostringtag
563 silly REMOVE node_modules/escape-html
564 silly REMOVE node_modules/es-to-primitive
565 silly REMOVE node_modules/emoji-regex
566 silly REMOVE node_modules/escalade
567 silly REMOVE node_modules/es-shim-unscopables
568 silly REMOVE node_modules/es-define-property
569 silly REMOVE node_modules/es-errors
570 silly REMOVE node_modules/es-abstract
571 silly REMOVE node_modules/es-iterator-helpers
572 silly REMOVE node_modules/es-object-atoms
573 silly REMOVE node_modules/emoji-regex-xs
574 silly REMOVE node_modules/electron-to-chromium
575 silly REMOVE node_modules/dunder-proto
576 silly REMOVE node_modules/define-properties
577 silly REMOVE node_modules/doctrine
578 silly REMOVE node_modules/data-view-byte-offset
579 silly REMOVE node_modules/data-view-buffer
580 silly REMOVE node_modules/define-data-property
581 silly REMOVE node_modules/damerau-levenshtein
582 silly REMOVE node_modules/data-view-byte-length
583 silly REMOVE node_modules/css-to-react-native
584 silly REMOVE node_modules/css-gradient-parser
585 silly REMOVE node_modules/css-color-keywords
586 silly REMOVE node_modules/css-box-shadow
587 silly REMOVE node_modules/convert-source-map
588 silly REMOVE node_modules/css-background-parser
589 silly REMOVE node_modules/commander
590 silly REMOVE node_modules/client-only
591 silly REMOVE node_modules/browserslist
592 silly REMOVE node_modules/chrome-trace-event
593 silly REMOVE node_modules/caniuse-lite
594 silly REMOVE node_modules/call-bind-apply-helpers
595 silly REMOVE node_modules/camelize
596 silly REMOVE node_modules/call-bound
597 silly REMOVE node_modules/braces
598 silly REMOVE node_modules/baseline-browser-mapping
599 silly REMOVE node_modules/call-bind
600 silly REMOVE node_modules/array-includes
601 silly REMOVE node_modules/base64-js
602 silly REMOVE node_modules/arraybuffer.prototype.slice
603 silly REMOVE node_modules/axobject-query
604 silly REMOVE node_modules/axe-core
605 silly REMOVE node_modules/available-typed-arrays
606 silly REMOVE node_modules/async-function
607 silly REMOVE node_modules/ast-types-flow
608 silly REMOVE node_modules/array.prototype.tosorted
609 silly REMOVE node_modules/array.prototype.findlastindex
610 silly REMOVE node_modules/array.prototype.findlast
611 silly REMOVE node_modules/array.prototype.flat
612 silly REMOVE node_modules/aria-query
613 silly REMOVE node_modules/array.prototype.flatmap
614 silly REMOVE node_modules/acorn-loose
615 silly REMOVE node_modules/array-buffer-byte-length
616 silly REMOVE node_modules/ajv
617 silly REMOVE node_modules/ajv-formats
618 silly REMOVE node_modules/acorn-import-phases
619 verbose cwd /Users/raffimedz/Desktop/Raffi/afterschool/hemsidor/ALNAHRAYN_Fisk_Iraqi_Fire_Edition/frontend
620 verbose os Darwin 25.5.0
621 verbose node v22.19.0
622 verbose npm  v11.11.1
623 verbose exit 0
624 info ok
